"cell","stage"
"BMM_R1_19","BMMC_D5T1_TAGGAGGGTGCACTTA.1","healthy"
"BMM_R1_21","BMMC_D5T1_CCTAAAGTCCGCCTAT.1","healthy"
"BMM_R1_24","BMMC_D5T1_CCTAAAGAGAAATACC.1","healthy"
"BMM_R1_25","BMMC_D5T1_TAAACCGCACATTCTT.1","healthy"
"BMM_R1_26","BMMC_D5T1_TTGCCCACATTCGTCC.1","healthy"
"BMM_R1_31","BMMC_D5T1_GTGACATTCCAACAAC.1","healthy"
"BMM_R1_33","BMMC_D5T1_AACGTACAGGGAGATA.1","healthy"
"BMM_R1_36","BMMC_D5T1_TCGGGACGTAGAAAGG.1","healthy"
"BMM_R1_38","BMMC_D5T1_GCGAGAAGTCTGGTCG.1","healthy"
"BMM_R1_4","BMMC_D5T1_AAACGAAAGAGCCTGA.1","healthy"
"BMM_R1_6","BMMC_D5T1_ATCCCTGTCCACGCTT.1","healthy"
"BMM_R1_7","BMMC_D5T1_CGTGGCACATGGTAAA.1","healthy"
"BMM_R1_8","BMMC_D5T1_AACAGTCAGCATGTGG.1","healthy"
"BMM_R1_9","BMMC_D5T1_GAGGATGAGAACGTTA.1","healthy"
"BMM_R1_10","BMMC_D5T1_TTTGTGTCAAGCCTTA.1","healthy"
"BMM_R1_13","BMMC_D5T1_TCAAGCAGTGCGCATC.1","healthy"
"BMM_R1_15","BMMC_D5T1_TAGCCCTAGAAAGCAG.1","healthy"
"BMM_R1_16","BMMC_D5T1_AGCGTATGTAATGTGA.1","healthy"
"BMM_R1_154","BMMC_D5T1_TCAGTCCCAAACGACG.1","healthy"
"BMM_R1_155","BMMC_D5T1_TCAGCTCTCTCTGCAC.1","healthy"
"BMM_R1_157","BMMC_D5T1_TACGCAAGTCTCGGGT.1","healthy"
"BMM_R1_231","BMMC_D5T1_GTCCATCTCCACTAGA.1","healthy"
"BMM_R1_232","BMMC_D5T1_TGCTCACAGCTAGTTC.1","healthy"
"BMM_R1_234","BMMC_D5T1_CTCCCAACATGCGCTG.1","healthy"
"BMM_R1_235","BMMC_D5T1_ATCCCTGGTAGTACAA.1","healthy"
"BMM_R1_236","BMMC_D5T1_CTGTTCGCAACATAAG.1","healthy"
"BMM_R1_237","BMMC_D5T1_ACTGCGGGTTAGGCTT.1","healthy"
"BMM_R1_238","BMMC_D5T1_CTCGCTATCCATGACA.1","healthy"
"BMM_R1_239","BMMC_D5T1_CTTTGCGTCGTGCTTC.1","healthy"
"BMM_R1_240","BMMC_D5T1_TTGCTATCATTACTCT.1","healthy"
"BMM_R1_241","BMMC_D5T1_GACTAACCACATTCTT.1","healthy"
"BMM_R1_50","BMMC_D5T1_CTCTCAGTCGACTATG.1","healthy"
"BMM_R1_242","BMMC_D5T1_GTGTCAAGTAGCAGGT.1","healthy"
"BMM_R1_243","BMMC_D5T1_CAAAGCTCAGGTCCTG.1","healthy"
"BMM_R1_244","BMMC_D5T1_CAGTATGAGGCTCAGA.1","healthy"
"BMM_R1_245","BMMC_D5T1_ATGCATGTCAGCACGC.1","healthy"
"BMM_R1_247","BMMC_D5T1_TCACAGATCGAGTGTT.1","healthy"
"BMM_R1_248","BMMC_D5T1_CAATCCCGTCTGGGAA.1","healthy"
"BMM_R1_141","BMMC_D5T1_GTTGGGCGTATTCACG.1","healthy"
"BMM_R1_250","BMMC_D5T1_TCAGGTACATTGATGC.1","healthy"
"BMM_R1_251","BMMC_D5T1_TTAGGTGCAAACCTAC.1","healthy"
"BMM_R1_252","BMMC_D5T1_TAGGTCAGTTCCAGTA.1","healthy"
"BMM_R1_253","BMMC_D5T1_ACAATCGCAAGCCAGA.1","healthy"
"BMM_R1_254","BMMC_D5T1_TGACAACAGGTCTTTG.1","healthy"
"BMM_R1_255","BMMC_D5T1_TAACAGCAGTAATCAG.1","healthy"
"BMM_R1_256","BMMC_D5T1_GGAGGATAGGTCCTCG.1","healthy"
"BMM_R1_258","BMMC_D5T1_GCGCCAAAGAGTTTGA.1","healthy"
"BMM_R1_230","BMMC_D5T1_TAGCATGCAGTCAGAG.1","healthy"
"BMM_R1_263","BMMC_D5T1_AGGCGTCCAGCACATT.1","healthy"
"BMM_R1_264","BMMC_D5T1_GGTCATACATGCGTTA.1","healthy"
"BMM_R1_361","BMMC_D5T1_CAGTATGCAAAGAAGG.1","healthy"
"BMM_R1_362","BMMC_D5T1_GACCCAGGTGAGGGTT.1","healthy"
"BMM_R1_363","BMMC_D5T1_TTGCCCAAGTTCCAGT.1","healthy"
"BMM_R1_364","BMMC_D5T1_ACCAAACTCCGAGAGA.1","healthy"
"BMM_R1_365","BMMC_D5T1_TGGCCTTCATTGAACC.1","healthy"
"BMM_R1_366","BMMC_D5T1_CCGTAGGTCGTCGCAG.1","healthy"
"BMM_R1_278","BMMC_D5T1_AAGGTTCGTCGTAGTT.1","healthy"
"BMM_R1_367","BMMC_D5T1_ACCTGCTGTAGAAGCC.1","healthy"
"BMM_R1_287","BMMC_D5T1_CATTCATTCGCAAACT.1","healthy"
"BMM_R1_358","BMMC_D5T1_GGTTGCGGTGGCCTTG.1","healthy"
"BMM_R1_1065","BMMC_D5T1_CTACAGACATAGACGG.1","healthy"
"BMM_R1_1066","BMMC_D5T1_GTAGGAGGTCAGCAAG.1","healthy"
"BMM_R1_1067","BMMC_D5T1_CTAGGATAGGATGTCG.1","healthy"
"BMM_R1_1068","BMMC_D5T1_TTGCGGGTCTCTGTTA.1","healthy"
"BMM_R1_1069","BMMC_D5T1_TTCGCGTGTTACACTG.1","healthy"
"BMM_R1_1070","BMMC_D5T1_GAATCTGAGGATTTGA.1","healthy"
"BMM_R1_1071","BMMC_D5T1_TGAATCGCATCGTACA.1","healthy"
"BMM_R1_1072","BMMC_D5T1_ACCGCAGTCACATTCT.1","healthy"
"BMM_R1_1073","BMMC_D5T1_GGGTCTGTCGGTAGGA.1","healthy"
"BMM_R1_966","BMMC_D5T1_TCAGTCCAGAAATACC.1","healthy"
"BMM_R1_1075","BMMC_D5T1_GCGAGTCTCCAGAGAG.1","healthy"
"BMM_R1_1076","BMMC_D5T1_GGCGAAAGTGGACAGT.1","healthy"
"BMM_R1_1077","BMMC_D5T1_CACGTTCCATCAGAAA.1","healthy"
"BMM_R1_1078","BMMC_D5T1_GGGCCATGTGCATCAT.1","healthy"
"BMM_R1_1079","BMMC_D5T1_ATGGATCTCAGCACGC.1","healthy"
"BMM_R1_1082","BMMC_D5T1_GAAGTCTGTTAGTAGA.1","healthy"
"BMM_R1_1083","BMMC_D5T1_GCTCACTTCAGGTCTA.1","healthy"
"BMM_R1_1084","BMMC_D5T1_TCGAGCGCAGAACTTC.1","healthy"
"BMM_R1_1085","BMMC_D5T1_TCAGTCCCACATTCTT.1","healthy"
"BMM_R1_1086","BMMC_D5T1_TGGTCAATCGGATAAA.1","healthy"
"BMM_R1_1088","BMMC_D5T1_CTAACTTCAGTATACC.1","healthy"
"BMM_R1_1089","BMMC_D5T1_ACTATTCTCTCGCGGA.1","healthy"
"BMM_R1_1090","BMMC_D5T1_TTGTCTAAGAGGCGGA.1","healthy"
"BMM_R1_1091","BMMC_D5T1_TTGGTCCCAACGGACA.1","healthy"
"BMM_R1_886","BMMC_D5T1_GGGTGTCGTCCGTAGC.1","healthy"
"BMM_R1_1092","BMMC_D5T1_GTAGGAGGTTGGGAAC.1","healthy"
"BMM_R1_1093","BMMC_D5T1_TTGCACCGTCCAACCG.1","healthy"
"BMM_R1_1094","BMMC_D5T1_CGTACAATCTTCCAGC.1","healthy"
"BMM_R1_1095","BMMC_D5T1_GAGTGAGCAAGCGGTA.1","healthy"
"BMM_R1_1096","BMMC_D5T1_TCAGTTTGTGCAAGAC.1","healthy"
"BMM_R1_985","BMMC_D5T1_TGAATCGCAAGGACCA.1","healthy"
"BMM_R1_1097","BMMC_D5T1_CAGTGTATCAATGCAC.1","healthy"
"BMM_R1_1098","BMMC_D5T1_CATAACGCAGAACGAC.1","healthy"
"BMM_R1_1100","BMMC_D5T1_TCTCTGGAGCATTGGG.1","healthy"
"BMM_R1_1101","BMMC_D5T1_TCAGTCCAGAGGCGGA.1","healthy"
"BMM_R1_1102","BMMC_D5T1_GGGAACATCCGGACTG.1","healthy"
"BMM_R1_1103","BMMC_D5T1_CGGTGCACAACGCAAG.1","healthy"
"BMM_R1_1104","BMMC_D5T1_TTCGGTCTCGTGGTAT.1","healthy"
"BMM_R1_1105","BMMC_D5T1_TAGGTGTCAAGGTTCT.1","healthy"
"BMM_R1_1106","BMMC_D5T1_GCAGATTTCAGTGTAC.1","healthy"
"BMM_R1_1107","BMMC_D5T1_AGATAGACAGTCAGCC.1","healthy"
"BMM_R1_1108","BMMC_D5T1_AAGATAGGTCAACGGA.1","healthy"
"BMM_R1_1109","BMMC_D5T1_TTAGGTGGTCTGGGAA.1","healthy"
"BMM_R1_1110","BMMC_D5T1_CTCGCTAAGAAATACC.1","healthy"
"BMM_R1_996","BMMC_D5T1_CTTAATCAGTCCCGCA.1","healthy"
"BMM_R1_1111","BMMC_D5T1_TCAGGGCTCGTTGTTT.1","healthy"
"BMM_R1_1112","BMMC_D5T1_ATTCGTTAGAACTAAC.1","healthy"
"BMM_R1_1113","BMMC_D5T1_GCTGTTCAGCTCCATA.1","healthy"
"BMM_R1_1114","BMMC_D5T1_CATGTTTGTCCAAGAG.1","healthy"
"BMM_R1_1115","BMMC_D5T1_GTAGTACAGACGACTG.1","healthy"
"BMM_R1_1117","BMMC_D5T1_TCACCTGCACCGATCG.1","healthy"
"BMM_R1_1118","BMMC_D5T1_AGTGCGCGTGCAGACA.1","healthy"
"BMM_R1_1119","BMMC_D5T1_GGGCCATTCACCGCGA.1","healthy"
"BMM_R1_1120","BMMC_D5T1_GCGAGTCGTTACCCAA.1","healthy"
"BMM_R1_1121","BMMC_D5T1_CCCAGAGAGTCGGGAT.1","healthy"
"BMM_R1_1122","BMMC_D5T1_CTACAGAGTATTCGAC.1","healthy"
"BMM_R1_1123","BMMC_D5T1_TGAGTCATCATTCGGA.1","healthy"
"BMM_R1_1124","BMMC_D5T1_CGTGGCAGTGCCCTAG.1","healthy"
"BMM_R1_1125","BMMC_D5T1_GCAGCCAAGTACCCAT.1","healthy"
"BMM_R1_1126","BMMC_D5T1_CCTAAAGAGGCAATTA.1","healthy"
"BMM_R1_1127","BMMC_D5T1_CACCTTGAGGTACACG.1","healthy"
"BMM_R1_78","BMMC_D5T1_TCGGGACAGGGTTCCC.1","healthy"
"BMM_R1_732","BMMC_D5T1_AACATCGTCTCTTAAC.1","healthy"
"BMM_R1_1052","BMMC_D5T1_CCTTAATGTTATAGAG.1","healthy"
"BMM_R1_219","BMMC_D5T1_TAAGCCAGTCATCAAC.1","healthy"
"BMM_R1_1129","BMMC_D5T1_AGCCTGGAGGCAAGGG.1","healthy"
"BMM_R1_1130","BMMC_D5T1_GTGGATTTCATTCGGA.1","healthy"
"BMM_R1_1131","BMMC_D5T1_GCTTGCTTCGTTACAG.1","healthy"
"BMM_R1_1132","BMMC_D5T1_GCATTCCTCTGCGTCT.1","healthy"
"BMM_R1_1133","BMMC_D5T1_CACCACTCACTGGGCT.1","healthy"
"BMM_R1_1134","BMMC_D5T1_AGCTGATGTCAATCCA.1","healthy"
"BMM_R1_1135","BMMC_D5T1_GTTGGTACACGATATC.1","healthy"
"BMM_R1_675","BMMC_D5T1_TAGCTTTTCTTATCAC.1","healthy"
"BMM_R1_1136","BMMC_D5T1_TCAGGTAGTCCTTCAC.1","healthy"
"BMM_R1_1137","BMMC_D5T1_TTAGCTTTCGTGGCGT.1","healthy"
"BMM_R1_1138","BMMC_D5T1_CCCACATCAAGCGACA.1","healthy"
"BMM_R1_970","BMMC_D5T1_AATACGCAGTTCTCCC.1","healthy"
"BMM_R1_1139","BMMC_D5T1_TTTGGTTAGAACCATA.1","healthy"
"BMM_R1_1140","BMMC_D5T1_AACCTGATCGTCCCAT.1","healthy"
"BMM_R1_1142","BMMC_D5T1_GAACCTAAGGGATCCA.1","healthy"
"BMM_R1_1143","BMMC_D5T1_CGTAAACGTAACTCCA.1","healthy"
"BMM_R1_1144","BMMC_D5T1_TACAGCATCCCTACCA.1","healthy"
"BMM_R1_1145","BMMC_D5T1_CGCTGGAGTTCAGTTG.1","healthy"
"BMM_R1_1146","BMMC_D5T1_AGCTGGCAGAGGTCCA.1","healthy"
"BMM_R1_1147","BMMC_D5T1_ACAGCGCTCATGAACC.1","healthy"
"BMM_R1_1148","BMMC_D5T1_ATGGATCAGAGATTAC.1","healthy"
"BMM_R1_1149","BMMC_D5T1_GACCTTCCAACGCACC.1","healthy"
"BMM_R1_1150","BMMC_D5T1_AATACGCGTGGCCTTG.1","healthy"
"BMM_R1_1151","BMMC_D5T1_GGGTGTCGTATTCTTC.1","healthy"
"BMM_R1_1153","BMMC_D5T1_GAAGTGGAGGAAGGTA.1","healthy"
"BMM_R1_1154","BMMC_D5T1_TAAACCGAGTCGCCTG.1","healthy"
"BMM_R1_1155","BMMC_D5T1_TTGCGGGAGTCGAAAT.1","healthy"
"BMM_R1_1156","BMMC_D5T1_GTTATTCAGAAGCCGT.1","healthy"
"BMM_R1_1157","BMMC_D5T1_GGGACCTGTTTGAAGA.1","healthy"
"BMM_R1_1158","BMMC_D5T1_TTGAGCAGTCAGCTTA.1","healthy"
"BMM_R1_1159","BMMC_D5T1_CTACAGATCCATTGTT.1","healthy"
"BMM_R1_1160","BMMC_D5T1_TATGTTCGTACCCACG.1","healthy"
"BMM_R1_1161","BMMC_D5T1_GGAACCCCAGGACTGA.1","healthy"
"BMM_R1_579","BMMC_D5T1_CCCTGATCATGGTTTG.1","healthy"
"BMM_R1_1162","BMMC_D5T1_GTGTGATAGTCGTACT.1","healthy"
"BMM_R1_1163","BMMC_D5T1_CCCGTTATCCGTCAAA.1","healthy"
"BMM_R1_53","BMMC_D5T1_CTAACTTGTACGTAAA.1","healthy"
"BMM_R1_1164","BMMC_D5T1_AACCTGAGTCTCTGGG.1","healthy"
"BMM_R1_1165","BMMC_D5T1_GTGATCACACACACAT.1","healthy"
"BMM_R1_1166","BMMC_D5T1_CTAACTTGTACAACGG.1","healthy"
"BMM_R1_1167","BMMC_D5T1_GCTGAGCTCATCGCCT.1","healthy"
"BMM_R1_658","BMMC_D5T1_TGTGGCGGTGTCCAGC.1","healthy"
"BMM_R1_1168","BMMC_D5T1_TAGGAGGGTTCCCTTG.1","healthy"
"BMM_R1_1169","BMMC_D5T1_TCGCAGGAGTGCTGAG.1","healthy"
"BMM_R1_1170","BMMC_D5T1_GCACCTTCATTCACCC.1","healthy"
"BMM_R1_1171","BMMC_D5T1_AAAGGATGTGCCCAGT.1","healthy"
"BMM_R1_1172","BMMC_D5T1_CTAGCGGTCTCTTCCT.1","healthy"
"BMM_R1_1173","BMMC_D5T1_CTAGCGGAGCGAGAAA.1","healthy"
"BMM_R1_1174","BMMC_D5T1_TTGTTGTCATAGAATG.1","healthy"
"BMM_R1_1175","BMMC_D5T1_ATGGATCGTCTGATTG.1","healthy"
"BMM_R1_1176","BMMC_D5T1_GCCAGCACAGATTAAG.1","healthy"
"BMM_R1_1177","BMMC_D5T1_ACCGGGTCAGTATCTG.1","healthy"
"BMM_R1_1178","BMMC_D5T1_ACTGCGGTCCAGCACG.1","healthy"
"BMM_R1_1179","BMMC_D5T1_CGGTGCATCGGGATCC.1","healthy"
"BMM_R1_1180","BMMC_D5T1_TAGACTGTCCAGGCCA.1","healthy"
"BMM_R1_1181","BMMC_D5T1_ACCCAAAGTTACACTG.1","healthy"
"BMM_R1_1182","BMMC_D5T1_GCTCCTAAGGATCCTT.1","healthy"
"BMM_R1_74","BMMC_D5T1_GGTGAAGCAACTCCCT.1","healthy"
"BMM_R1_1183","BMMC_D5T1_GCCAGACAGCGATACG.1","healthy"
"BMM_R1_1184","BMMC_D5T1_GAGTGAGTCAAAGTAG.1","healthy"
"BMM_R1_1185","BMMC_D5T1_GTCACTCCAATTGTGC.1","healthy"
"BMM_R1_1186","BMMC_D5T1_TTGAGCAGTGTGTGTT.1","healthy"
"BMM_R1_904","BMMC_D5T1_CAGGATTTCAGGAAGC.1","healthy"
"BMM_R1_1187","BMMC_D5T1_GCGGAAACAGGACTGA.1","healthy"
"BMM_R1_1188","BMMC_D5T1_TTCATTGAGTCATACC.1","healthy"
"BMM_R1_1189","BMMC_D5T1_TTCGGTCGTAGTATCC.1","healthy"
"BMM_R1_1190","BMMC_D5T1_ACCATCCCAGTTGGAG.1","healthy"
"BMM_R1_1191","BMMC_D5T1_CGATGATCACAGGTAG.1","healthy"
"BMM_R1_11","BMMC_D5T1_ATCCCTGAGGTACACG.1","healthy"
"BMM_R1_890","BMMC_D5T1_AGTTACGGTGAATCGG.1","healthy"
"BMM_R1_1192","BMMC_D5T1_GGTGAAGGTCGTAATC.1","healthy"
"BMM_R1_1193","BMMC_D5T1_TTACGTTGTCCCGAGT.1","healthy"
"BMM_R1_1194","BMMC_D5T1_GCGATCGAGGTTGTTC.1","healthy"
"BMM_R1_1195","BMMC_D5T1_TCCATCGAGGCGCTTC.1","healthy"
"BMM_R1_1196","BMMC_D5T1_GAATCTGAGAGGCGGA.1","healthy"
"BMM_R1_1197","BMMC_D5T1_TTGGTCCTCGCATACA.1","healthy"
"BMM_R1_1198","BMMC_D5T1_GTGGCGTCACTGGGCT.1","healthy"
"BMM_R1_1199","BMMC_D5T1_CTGTATTTCGATAGGG.1","healthy"
"BMM_R1_1201","BMMC_D5T1_GTGTGATTCCCAGCAG.1","healthy"
"BMM_R1_1202","BMMC_D5T1_AACTTGGTCTTCTCTC.1","healthy"
"BMM_R1_1203","BMMC_D5T1_AGATTCGAGCCATCAT.1","healthy"
"BMM_R1_1204","BMMC_D5T1_AACGAGGGTACGTAAA.1","healthy"
"BMM_R1_1205","BMMC_D5T1_CAGCCTTAGTTGTCCA.1","healthy"
"BMM_R1_1206","BMMC_D5T1_GTAATCGTCCCTAAAG.1","healthy"
"BMM_R1_1207","BMMC_D5T1_CCCTGATTCGGTCTCT.1","healthy"
"BMM_R1_1208","BMMC_D5T1_ACAAAGAAGTGCTGAG.1","healthy"
"BMM_R1_1209","BMMC_D5T1_AGTTACGCAGGATGTG.1","healthy"
"BMM_R1_1211","BMMC_D5T1_TTGCGGGGTGCGTCCA.1","healthy"
"BMM_R1_1212","BMMC_D5T1_CGTTCCAAGATCACCT.1","healthy"
"BMM_R1_1213","BMMC_D5T1_TCAGTTTTCGTTTGAG.1","healthy"
"BMM_R1_1214","BMMC_D5T1_TCAGCTCCAGAGTCGA.1","healthy"
"BMM_R1_1215","BMMC_D5T1_TCCATCGAGTTCTCCC.1","healthy"
"BMM_R1_1216","BMMC_D5T1_CACTGAATCCTCCATG.1","healthy"
"BMM_R1_1217","BMMC_D5T1_TATCTGTAGCACCATT.1","healthy"
"BMM_R1_1218","BMMC_D5T1_TTCATTGGTTGAATAG.1","healthy"
"BMM_R1_1219","BMMC_D5T1_ATGTACGCACTAAACC.1","healthy"
"BMM_R1_1220","BMMC_D5T1_TAACGGTAGGAGTCTG.1","healthy"
"BMM_R1_1221","BMMC_D5T1_GGGACCTGTTCCATCC.1","healthy"
"BMM_R1_1222","BMMC_D5T1_GCAGATTAGATCTAAG.1","healthy"
"BMM_R1_1223","BMMC_D5T1_AGCCAGCAGGTGTCGA.1","healthy"
"BMM_R1_390","BMMC_D5T1_CACTGAACAGCAACCC.1","healthy"
"BMM_R1_191","BMMC_D5T1_CACAGATTCGCTTACC.1","healthy"
"BMM_R1_268","BMMC_D5T1_GCTGAGCCACTGTAAC.1","healthy"
"BMM_R1_1224","BMMC_D5T1_CTTGCTGGTATGTCCA.1","healthy"
"BMM_R1_1225","BMMC_D5T1_GGTTGCGGTCAACTGT.1","healthy"
"BMM_R1_1226","BMMC_D5T1_CAAGGCCAGTGAAGGA.1","healthy"
"BMM_R1_1227","BMMC_D5T1_GAGAACGTCAGTACAC.1","healthy"
"BMM_R1_461","BMMC_D5T1_AAAGGATGTAACAATG.1","healthy"
"BMM_R1_1228","BMMC_D5T1_TGTGTCCAGATTACGA.1","healthy"
"BMM_R1_1229","BMMC_D5T1_CACAGATGTGAGTTGG.1","healthy"
"BMM_R1_1230","BMMC_D5T1_ATTGTCTAGGGTATCG.1","healthy"
"BMM_R1_1231","BMMC_D5T1_ATTTGTCGTTACCCAA.1","healthy"
"BMM_R1_1232","BMMC_D5T1_AAGGAGCCATGCGTTA.1","healthy"
"BMM_R1_1233","BMMC_D5T1_GGGAACATCGGTTAGT.1","healthy"
"BMM_R1_1234","BMMC_D5T1_ACGTGGCAGAATGCTA.1","healthy"
"BMM_R1_1235","BMMC_D5T1_GCGTTGGGTGGTCGAA.1","healthy"
"BMM_R1_1236","BMMC_D5T1_TTTGGCCGTGGACTGA.1","healthy"
"BMM_R1_1237","BMMC_D5T1_CTGAATGCAACAACTC.1","healthy"
"BMM_R1_1238","BMMC_D5T1_AAGATAGTCACCACAA.1","healthy"
"BMM_R1_1033","BMMC_D5T1_CCAATGAAGGATGCCA.1","healthy"
"BMM_R1_1239","BMMC_D5T1_GAGGCTCTCCCGTATC.1","healthy"
"BMM_R1_1240","BMMC_D5T1_ATGTACGTCTGGCACG.1","healthy"
"BMM_R1_1241","BMMC_D5T1_ACAGACTCACTTACAG.1","healthy"
"BMM_R1_1242","BMMC_D5T1_TCCATCGCATTCACCC.1","healthy"
"BMM_R1_1243","BMMC_D5T1_GAGGCTCGTAAACCCT.1","healthy"
"BMM_R1_1244","BMMC_D5T1_CCTTGGTGTGCTGTCG.1","healthy"
"BMM_R1_1245","BMMC_D5T1_GCCTAGGGTGAGTTGG.1","healthy"
"BMM_R1_1246","BMMC_D5T1_GTAGGAGGTCGAGGTA.1","healthy"
"BMM_R1_1247","BMMC_D5T1_GGAGAACCATTACTCT.1","healthy"
"BMM_R1_1248","BMMC_D5T1_GTGTGATTCGACTTAG.1","healthy"
"BMM_R1_342","BMMC_D5T1_TACTGCCCATGACTGT.1","healthy"
"BMM_R1_1249","BMMC_D5T1_TGTTAGGCAGCAGGTA.1","healthy"
"BMM_R1_1250","BMMC_D5T1_TACTAGGTCGCTTGAA.1","healthy"
"BMM_R1_1251","BMMC_D5T1_ACTGCAATCCGGAAAG.1","healthy"
"BMM_R1_1252","BMMC_D5T1_AAGGAGCCACTAAACC.1","healthy"
"BMM_R1_1253","BMMC_D5T1_GACCGACCAGCAACAG.1","healthy"
"BMM_R1_1254","BMMC_D5T1_CTTCTAATCCGGACTG.1","healthy"
"BMM_R1_981","BMMC_D5T1_GTCCATCAGACTAGGC.1","healthy"
"BMM_R1_1255","BMMC_D5T1_TTGAGCAAGAACCATA.1","healthy"
"BMM_R1_1256","BMMC_D5T1_CTTGTCGCACGTTAGT.1","healthy"
"BMM_R1_992","BMMC_D5T1_GAAATGAAGTGAGTGC.1","healthy"
"BMM_R1_72","BMMC_D5T1_AGGCCCATCGCTTCAC.1","healthy"
"BMM_R1_1257","BMMC_D5T1_GTGCACGGTAGTAACA.1","healthy"
"BMM_R1_1258","BMMC_D5T1_GTGACATAGTTTACGC.1","healthy"
"BMM_R1_1259","BMMC_D5T1_GTGCCAGCAAGCAACG.1","healthy"
"BMM_R1_1260","BMMC_D5T1_GGGTTATCACTTACAG.1","healthy"
"BMM_R1_1261","BMMC_D5T1_TCGCAGGCAAGGACCA.1","healthy"
"BMM_R1_993","BMMC_D5T1_ACAGACTTCTAGCAAC.1","healthy"
"BMM_R1_1262","BMMC_D5T1_AGGCCCAAGTTACCAC.1","healthy"
"BMM_R1_1263","BMMC_D5T1_AGTCCGGAGGCGTAGT.1","healthy"
"BMM_R1_1264","BMMC_D5T1_AACCGATTCGTCGCAG.1","healthy"
"BMM_R1_1265","BMMC_D5T1_CTGAATGGTAAACGAT.1","healthy"
"BMM_R1_1266","BMMC_D5T1_GGTGTCGTCTATCTTG.1","healthy"
"BMM_R1_1267","BMMC_D5T1_AGCCTTCGTATTCGAC.1","healthy"
"BMM_R1_1268","BMMC_D5T1_TACCCTGTCCAGGGAA.1","healthy"
"BMM_R1_1269","BMMC_D5T1_CATAACGTCCCTAAAG.1","healthy"
"BMM_R1_1270","BMMC_D5T1_CTCTACGAGACAACGC.1","healthy"
"BMM_R1_1271","BMMC_D5T1_CCACAGGTCGGAAAGC.1","healthy"
"BMM_R1_1272","BMMC_D5T1_AGCCGCAAGGGACGTT.1","healthy"
"BMM_R1_416","BMMC_D5T1_GTAGACTGTTAGGCTT.1","healthy"
"BMM_R1_1273","BMMC_D5T1_TACATTCCATTCTTTG.1","healthy"
"BMM_R1_260","BMMC_D5T1_AACGAGGCAGATTTGC.1","healthy"
"BMM_R1_1274","BMMC_D5T1_GACTAACCAAAGCATA.1","healthy"
"BMM_R1_1275","BMMC_D5T1_GCCCGAACATAGTCCA.1","healthy"
"BMM_R1_1276","BMMC_D5T1_GCGCATGTCAAAGTAG.1","healthy"
"BMM_R1_1277","BMMC_D5T1_TCAAGCACATGCCTTC.1","healthy"
"BMM_R1_1278","BMMC_D5T1_TCGAGCGGTAATGCCT.1","healthy"
"BMM_R1_1279","BMMC_D5T1_TCAGCTCGTCCGTAGC.1","healthy"
"BMM_R1_1280","BMMC_D5T1_AATACGCGTGCATCAT.1","healthy"
"BMM_R1_1281","BMMC_D5T1_ATGTCGAGTCGCGCTA.1","healthy"
"BMM_R1_1282","BMMC_D5T1_ACCAAACAGACAACGC.1","healthy"
"BMM_R1_1283","BMMC_D5T1_AGGCGTCCATTAGCCA.1","healthy"
"BMM_R1_1284","BMMC_D5T1_TTACCGCCAATCATCG.1","healthy"
"BMM_R1_1285","BMMC_D5T1_AATGTCGGTCACAGGA.1","healthy"
"BMM_R1_1286","BMMC_D5T1_TCAGTCCCAGGTAACG.1","healthy"
"BMM_R1_569","BMMC_D5T1_ATATTCCCAATGCCAT.1","healthy"
"BMM_R1_1287","BMMC_D5T1_TTACCGCAGTCATACC.1","healthy"
"BMM_R1_1288","BMMC_D5T1_TCCAGAAGTTAGTAGA.1","healthy"
"BMM_R1_1289","BMMC_D5T1_TCCATCGGTGTCCTTC.1","healthy"
"BMM_R1_312","BMMC_D5T1_TTCGGTCGTAAAGCTA.1","healthy"
"BMM_R1_1290","BMMC_D5T1_ATGTACGCAAGACTAA.1","healthy"
"BMM_R1_1291","BMMC_D5T1_GCAACCGCACAGTTAC.1","healthy"
"BMM_R1_1292","BMMC_D5T1_AGCCTGGGTGGCATAG.1","healthy"
"BMM_R1_1293","BMMC_D5T1_CATTGGAAGGCCTAAG.1","healthy"
"BMM_R1_1294","BMMC_D5T1_GAGGTCCTCTCTGTTA.1","healthy"
"BMM_R1_1295","BMMC_D5T1_AAGATAGAGGAGTCTG.1","healthy"
"BMM_R1_1296","BMMC_D5T1_GGAATCTAGGAAGAAC.1","healthy"
"BMM_R1_1297","BMMC_D5T1_AAAGATGGTCTGATTG.1","healthy"
"BMM_R1_1298","BMMC_D5T1_GGTGTCGCAACCTCTC.1","healthy"
"BMM_R1_1299","BMMC_D5T1_ACTGTCCTCCGGCTGA.1","healthy"
"BMM_R1_1300","BMMC_D5T1_GCACGCACAGGCATCC.1","healthy"
"BMM_R1_1301","BMMC_D5T1_TGCTCGTAGTTAGAGT.1","healthy"
"BMM_R1_1302","BMMC_D5T1_CGTACAAAGCCATGGA.1","healthy"
"BMM_R1_1303","BMMC_D5T1_ACTATTCTCGGATAGG.1","healthy"
"BMM_R1_1304","BMMC_D5T1_GGAACTTGTTGTCGGC.1","healthy"
"BMM_R1_1305","BMMC_D5T1_AATGTCGAGCTCCGGT.1","healthy"
"BMM_R1_225","BMMC_D5T1_AGCCAGCCAAAGGTCG.1","healthy"
"BMM_R1_1306","BMMC_D5T1_TGCCTCACAAGCAGGT.1","healthy"
"BMM_R1_1307","BMMC_D5T1_ACATGGTCAGTTGGAG.1","healthy"
"BMM_R1_1308","BMMC_D5T1_GAACTTGTCTCCCTTT.1","healthy"
"BMM_R1_1309","BMMC_D5T1_ACTAACGCACGCGTTG.1","healthy"
"BMM_R1_1310","BMMC_D5T1_TCTAGTTTCGTGATAC.1","healthy"
"BMM_R1_1311","BMMC_D5T1_TATGTTCGTCCAACCG.1","healthy"
"BMM_R1_1312","BMMC_D5T1_GAACCTATCCCATAGA.1","healthy"
"BMM_R1_994","BMMC_D5T1_GCGATTAGTATTCGAC.1","healthy"
"BMM_R1_271","BMMC_D5T1_CCCTAGTTCATGCTTT.1","healthy"
"BMM_R1_1313","BMMC_D5T1_CGTACAAGTCGCTAGC.1","healthy"
"BMM_R1_1314","BMMC_D5T1_GAAATGACATTGCACA.1","healthy"
"BMM_R1_381","BMMC_D5T1_AAGGAGCCACAGAAGC.1","healthy"
"BMM_R1_1315","BMMC_D5T1_CATTGGAGTGACCAGA.1","healthy"
"BMM_R1_1316","BMMC_D5T1_TCAGTCCTCACTGGTA.1","healthy"
"BMM_R1_1318","BMMC_D5T1_CACTAAGGTTGCCTGG.1","healthy"
"BMM_R1_1319","BMMC_D5T1_AATACGCAGCGGACTA.1","healthy"
"BMM_R1_1320","BMMC_D5T1_GCTCACTCAAGCACTT.1","healthy"
"BMM_R1_1321","BMMC_D5T1_TGCACCTGTCAACTGT.1","healthy"
"BMM_R1_716","BMMC_D5T1_GTCACGGGTTTGAAGA.1","healthy"
"BMM_R1_1322","BMMC_D5T1_TGATTTCTCTAGCTGA.1","healthy"
"BMM_R1_1323","BMMC_D5T1_AACGGGAAGTGATATG.1","healthy"
"BMM_R1_1324","BMMC_D5T1_GCCCAGATCACCCTTG.1","healthy"
"BMM_R1_1325","BMMC_D5T1_GTGATCAGTACTATGC.1","healthy"
"BMM_R1_1326","BMMC_D5T1_GGTGTCGAGATTACGA.1","healthy"
"BMM_R1_1327","BMMC_D5T1_CCTTGCACACAGAAGC.1","healthy"
"BMM_R1_1328","BMMC_D5T1_TGTGTCCGTAACAATG.1","healthy"
"BMM_R1_1329","BMMC_D5T1_CCAGAATTCCTGACCT.1","healthy"
"BMM_R1_1330","BMMC_D5T1_GACTAGTAGGTTCTCA.1","healthy"
"BMM_R1_1331","BMMC_D5T1_CTTTGCGGTGGCGCTT.1","healthy"
"BMM_R1_1332","BMMC_D5T1_GCCTAGGAGGTTGTGG.1","healthy"
"BMM_R1_1333","BMMC_D5T1_TTCTAACAGTCGAGCA.1","healthy"
"BMM_R1_1335","BMMC_D5T1_TGCATTTCACCGAAAG.1","healthy"
"BMM_R1_1336","BMMC_D5T1_CTTGAAGCAAATGTCC.1","healthy"
"BMM_R1_897","BMMC_D5T1_TTGTTCATCTGAACGT.1","healthy"
"BMM_R1_1337","BMMC_D5T1_TTGCCCACAAGTAATG.1","healthy"
"BMM_R1_1338","BMMC_D5T1_TGGTCAAAGATGCGCA.1","healthy"
"BMM_R1_1339","BMMC_D5T1_CTCTCGAGTCCCGTGA.1","healthy"
"BMM_R1_1340","BMMC_D5T1_AGTGCGCCAACCTCCT.1","healthy"
"BMM_R1_1341","BMMC_D5T1_GCTTTCGAGGCATGCA.1","healthy"
"BMM_R1_1342","BMMC_D5T1_AACCTGATCCAACAAC.1","healthy"
"BMM_R1_1343","BMMC_D5T1_ACCGGGTCATATAGAG.1","healthy"
"BMM_R1_1344","BMMC_D5T1_CTCGCTACAGAGTCGA.1","healthy"
"BMM_R1_1345","BMMC_D5T1_CTCTCAGAGCTGAGGT.1","healthy"
"BMM_R1_1346","BMMC_D5T1_TGCTCGTGTTATCGAC.1","healthy"
"BMM_R1_1347","BMMC_D5T1_ATGTCGAGTCGATAGG.1","healthy"
"BMM_R1_1348","BMMC_D5T1_CGTAAACCATCTCTCG.1","healthy"
"BMM_R1_1349","BMMC_D5T1_GAGATTCTCCTTTGAT.1","healthy"
"BMM_R1_1038","BMMC_D5T1_CTGTTCGAGTTAGCGG.1","healthy"
"BMM_R1_1350","BMMC_D5T1_GTAGTACAGAGCACTG.1","healthy"
"BMM_R1_1351","BMMC_D5T1_TGCATGAAGTCGTACT.1","healthy"
"BMM_R1_1352","BMMC_D5T1_TCTAGTTAGGCAGTAC.1","healthy"
"BMM_R1_1353","BMMC_D5T1_GCAGCTGGTAACGTAA.1","healthy"
"BMM_R1_1354","BMMC_D5T1_GCTTGCTCATCATGTG.1","healthy"
"BMM_R1_533","BMMC_D5T1_CTCAGCTGTTCTTATC.1","healthy"
"BMM_R1_1355","BMMC_D5T1_GGCGAAAGTTGCTTGA.1","healthy"
"BMM_R1_1356","BMMC_D5T1_TTCGGTCCATCCTCGT.1","healthy"
"BMM_R1_953","BMMC_D5T1_TGTGGCGCAGGGTAAC.1","healthy"
"BMM_R1_1357","BMMC_D5T1_CGGACCACAAACGACG.1","healthy"
"BMM_R1_1358","BMMC_D5T1_TAAGCCAAGACTCGGA.1","healthy"
"BMM_R1_961","BMMC_D5T1_CGAGTTAGTCGTCGCA.1","healthy"
"BMM_R1_1359","BMMC_D5T1_GGTGAAGAGGTCGTTT.1","healthy"
"BMM_R1_1360","BMMC_D5T1_ACTACCCGTTGGGAAC.1","healthy"
"BMM_R1_1361","BMMC_D5T1_GCACCTTTCTTCGTTA.1","healthy"
"BMM_R1_1362","BMMC_D5T1_AACGTACAGTCAGGAC.1","healthy"
"BMM_R1_1363","BMMC_D5T1_CCCTAACGTGCAGACA.1","healthy"
"BMM_R1_1364","BMMC_D5T1_TGGACATGTGCAAAGC.1","healthy"
"BMM_R1_1365","BMMC_D5T1_TGGCAATAGGATTAAC.1","healthy"
"BMM_R1_1367","BMMC_D5T1_ACAGCGCAGCAGAATT.1","healthy"
"BMM_R1_921","BMMC_D5T1_AGTTACGGTCACATTG.1","healthy"
"BMM_R1_1368","BMMC_D5T1_TACGCAACATTGTTCT.1","healthy"
"BMM_R1_1369","BMMC_D5T1_GAAGTCTCAACATAAG.1","healthy"
"BMM_R1_1370","BMMC_D5T1_TAATTCCGTGACAAGC.1","healthy"
"BMM_R1_1371","BMMC_D5T1_ACGGATTCACACACCG.1","healthy"
"BMM_R1_1374","BMMC_D5T1_TACTAGGGTGCAAGAC.1","healthy"
"BMM_R1_1376","BMMC_D5T1_TAGGTGTAGCCATTCA.1","healthy"
"BMM_R1_1377","BMMC_D5T1_CCTTGCACACGCGTTG.1","healthy"
"BMM_R1_1378","BMMC_D5T1_CGCTGGAGTGATAACA.1","healthy"
"BMM_R1_1379","BMMC_D5T1_TGGCGCATCTGATCCC.1","healthy"
"BMM_R1_1380","BMMC_D5T1_GCCTACTGTGCCCAGT.1","healthy"
"BMM_R1_1381","BMMC_D5T1_GCATTGACAACGAGGT.1","healthy"
"BMM_R1_90","BMMC_D5T1_AAACTGCCAACCTCCT.1","healthy"
"BMM_R1_1382","BMMC_D5T1_CACTAAGGTGTTGGTT.1","healthy"
"BMM_R1_1384","BMMC_D5T1_GTGATCAAGATGGCAC.1","healthy"
"BMM_R1_685","BMMC_D5T1_GGTGTCGCAGCGTGAA.1","healthy"
"BMM_R1_1385","BMMC_D5T1_GAAGTCTAGAACTAAC.1","healthy"
"BMM_R1_1386","BMMC_D5T1_CCTGGGACAGATACAA.1","healthy"
"BMM_R1_1388","BMMC_D5T1_GCGGGTTTCCATATCT.1","healthy"
"BMM_R1_1389","BMMC_D5T1_AATGCCATCCATACGA.1","healthy"
"BMM_R1_1390","BMMC_D5T1_TTCGTTAAGGATGTAT.1","healthy"
"BMM_R1_1391","BMMC_D5T1_CTGTTCGTCGCGCTGA.1","healthy"
"BMM_R1_1392","BMMC_D5T1_AAATGAGTCTGCGTCT.1","healthy"
"BMM_R1_1393","BMMC_D5T1_TTATGTCTCGTCCCTA.1","healthy"
"BMM_R1_1394","BMMC_D5T1_GCCCAGAAGGGACGTT.1","healthy"
"BMM_R1_1395","BMMC_D5T1_CTGTATTTCCCACGGA.1","healthy"
"BMM_R1_905","BMMC_D5T1_CGGACTGCATCCTGGG.1","healthy"
"BMM_R1_1396","BMMC_D5T1_CTTGAAGTCGCGTGAC.1","healthy"
"BMM_R1_1397","BMMC_D5T1_CTTGCCACAATCAGGG.1","healthy"
"BMM_R1_1398","BMMC_D5T1_TTCTGTAAGCCCATTA.1","healthy"
"BMM_R1_1399","BMMC_D5T1_GTGCACGTCGGATAGG.1","healthy"
"BMM_R1_1400","BMMC_D5T1_GTAATCGTCGTGATAC.1","healthy"
"BMM_R1_968","BMMC_D5T1_CATAACGCATCCTGGG.1","healthy"
"BMM_R1_1401","BMMC_D5T1_TTCAACTTCCCGAAGC.1","healthy"
"BMM_R1_1402","BMMC_D5T1_AGCCGCAGTCCTATTT.1","healthy"
"BMM_R1_1403","BMMC_D5T1_TCCGACTCAGTTGCAT.1","healthy"
"BMM_R1_1404","BMMC_D5T1_CTAGCGGTCTCGCGTT.1","healthy"
"BMM_R1_1405","BMMC_D5T1_TACTCGCTCCACGCTT.1","healthy"
"BMM_R1_988","BMMC_D5T1_AACATCGTCCGGGCAT.1","healthy"
"BMM_R1_428","BMMC_D5T1_TTGCGAACAAACGTTC.1","healthy"
"BMM_R1_1406","BMMC_D5T1_GCGTAGCCAAGCGAAC.1","healthy"
"BMM_R1_1407","BMMC_D5T1_CGTAAACTCCGGCGAT.1","healthy"
"BMM_R1_1408","BMMC_D5T1_GTGGCGTCAGGACTGA.1","healthy"
"BMM_R1_1409","BMMC_D5T1_GTGATCAAGTTGCTTG.1","healthy"
"BMM_R1_1410","BMMC_D5T1_ATAGTCGGTGGACTGA.1","healthy"
"BMM_R1_1411","BMMC_D5T1_CCAATGAAGACGAAAG.1","healthy"
"BMM_R1_1412","BMMC_D5T1_GCAACCGGTACAAGCG.1","healthy"
"BMM_R1_1413","BMMC_D5T1_AGGCGAAGTGGTAAGC.1","healthy"
"BMM_R1_1414","BMMC_D5T1_TGTGGCGCAAGGACCA.1","healthy"
"BMM_R1_1415","BMMC_D5T1_GCAAAGGCATTCTTTG.1","healthy"
"BMM_R1_1416","BMMC_D5T1_TCAGCTCAGTACAGTA.1","healthy"
"BMM_R1_1417","BMMC_D5T1_GGTTGCGGTAGCCATT.1","healthy"
"BMM_R1_1419","BMMC_D5T1_TTGCCCAGTCCGAGCT.1","healthy"
"BMM_R1_1420","BMMC_D5T1_TGGGTGCTCAGGTCTA.1","healthy"
"BMM_R1_1421","BMMC_D5T1_GATGGCCTCGAGCGCT.1","healthy"
"BMM_R1_1043","BMMC_D5T1_TCGAGCGGTGGTTCTA.1","healthy"
"BMM_R1_175","BMMC_D5T1_CGCTGGATCGATATGC.1","healthy"
"BMM_R1_1422","BMMC_D5T1_CCGAAGCCATTACTTC.1","healthy"
"BMM_R1_1423","BMMC_D5T1_GCGATTAGTGAGTTGG.1","healthy"
"BMM_R1_1424","BMMC_D5T1_CCAGATAGTAGCAGGT.1","healthy"
"BMM_R1_1425","BMMC_D5T1_TACTGCCTCCACGGCA.1","healthy"
"BMM_R1_1426","BMMC_D5T1_AGCCGCATCCCGCAAG.1","healthy"
"BMM_R1_1427","BMMC_D5T1_GAAGTGGTCGATATGC.1","healthy"
"BMM_R1_1428","BMMC_D5T1_TAGGAGGCATCCCAAA.1","healthy"
"BMM_R1_1429","BMMC_D5T1_TACGCCTGTTTGGATC.1","healthy"
"BMM_R1_1430","BMMC_D5T1_TCTAGTTCAAGTTCGT.1","healthy"
"BMM_R1_1431","BMMC_D5T1_TCGGGACTCGAGGCTC.1","healthy"
"BMM_R1_1432","BMMC_D5T1_TGTGTCCTCGCTGATA.1","healthy"
"BMM_R1_1433","BMMC_D5T1_CTGGCAGTCATCGCAA.1","healthy"
"BMM_R1_1434","BMMC_D5T1_GAATCTGAGTCCGGAA.1","healthy"
"BMM_R1_1435","BMMC_D5T1_GTAATCGCACTGTTAG.1","healthy"
"BMM_R1_1436","BMMC_D5T1_CTTCTAACACGCTAAT.1","healthy"
"BMM_R1_1437","BMMC_D5T1_GATGATCTCCTTCGAC.1","healthy"
"BMM_R1_1438","BMMC_D5T1_TACTAGGGTACGGAGT.1","healthy"
"BMM_R1_1439","BMMC_D5T1_GTTACGACACAGTAGG.1","healthy"
"BMM_R1_1440","BMMC_D5T1_CGGACCAGTACTAGAA.1","healthy"
"BMM_R1_1441","BMMC_D5T1_GATGGCCAGTGAACCG.1","healthy"
"BMM_R1_1442","BMMC_D5T1_CCGTACTGTACTTCGA.1","healthy"
"BMM_R1_1443","BMMC_D5T1_AACAGTCTCACAAGCT.1","healthy"
"BMM_R1_1444","BMMC_D5T1_TAACAGCTCGGCAATT.1","healthy"
"BMM_R1_1445","BMMC_D5T1_ACCATCCTCAGTCACA.1","healthy"
"BMM_R1_1446","BMMC_D5T1_GTCTACCTCCACACCT.1","healthy"
"BMM_R1_1447","BMMC_D5T1_GAAGTCTCACAATAAG.1","healthy"
"BMM_R1_1448","BMMC_D5T1_TTAACGGGTGCGACCT.1","healthy"
"BMM_R1_1449","BMMC_D5T1_CTGCGTTTCTCTGCGT.1","healthy"
"BMM_R1_1450","BMMC_D5T1_CAGCTAAGTCGTAATC.1","healthy"
"BMM_R1_1451","BMMC_D5T1_TTCGGTCTCCAATAGC.1","healthy"
"BMM_R1_1452","BMMC_D5T1_TTTGGTTAGAGCGGTT.1","healthy"
"BMM_R1_1453","BMMC_D5T1_TACGGATGTCGAGGAT.1","healthy"
"BMM_R1_1454","BMMC_D5T1_AGCCTTCCAGGTGGTA.1","healthy"
"BMM_R1_1455","BMMC_D5T1_GTAGACTTCGGTTGTA.1","healthy"
"BMM_R1_1456","BMMC_D5T1_CCGTACTCAAGGAACC.1","healthy"
"BMM_R1_1457","BMMC_D5T1_CCGTACTAGTATGGGC.1","healthy"
"BMM_R1_1458","BMMC_D5T1_AAGATAGCACAGTTCA.1","healthy"
"BMM_R1_1459","BMMC_D5T1_TTGTTCAGTGTGACCC.1","healthy"
"BMM_R1_1460","BMMC_D5T1_GTGGATTCAATGTAAG.1","healthy"
"BMM_R1_1461","BMMC_D5T1_CGGACTGAGACAACGC.1","healthy"
"BMM_R1_1034","BMMC_D5T1_AACAAAGGTCACCGCA.1","healthy"
"BMM_R1_1462","BMMC_D5T1_ATATTCCGTACCCACG.1","healthy"
"BMM_R1_1463","BMMC_D5T1_ATTACTCTCTCCAACC.1","healthy"
"BMM_R1_1464","BMMC_D5T1_CGCGCAAAGTATACGA.1","healthy"
"BMM_R1_1465","BMMC_D5T1_GATGGCCTCTGTGTCC.1","healthy"
"BMM_R1_565","BMMC_D5T1_TGCTATTAGTCTGCTA.1","healthy"
"BMM_R1_1466","BMMC_D5T1_TAAGCCAGTATCGCGC.1","healthy"
"BMM_R1_1467","BMMC_D5T1_TGTAAGCAGCCATTCA.1","healthy"
"BMM_R1_1468","BMMC_D5T1_GCGAGAACACGGTTAT.1","healthy"
"BMM_R1_1469","BMMC_D5T1_CTCCCAACATGGCCCA.1","healthy"
"BMM_R1_47","BMMC_D5T1_GCTCAGGTCCATAGGT.1","healthy"
"BMM_R1_1470","BMMC_D5T1_TGTTAGGCAATACTGC.1","healthy"
"BMM_R1_926","BMMC_D5T1_TCTATTGAGTAGAAGG.1","healthy"
"RM3_3087","MPAL3_T1_CTAGCGGAGAGCTGTG.1","disease"
"RM3_3088","MPAL3_T1_TGGGTGCGTTGCTTGA.1","disease"
"RM3_3084","MPAL3_T1_GCCCGAAGTGCGCATC.1","disease"
"RM3_3089","MPAL3_T1_CGCTATCGTTAGGAAT.1","disease"
"RM3_3090","MPAL3_T1_CTTGAAGGTCAACTGT.1","disease"
"RM3_3092","MPAL3_T1_TAGCTTTTCTTCGTTA.1","disease"
"RM3_3093","MPAL3_T1_CTGCTCATCGCATAAC.1","disease"
"RM3_3094","MPAL3_T1_TGCTCACCAAATGCTC.1","disease"
"RM3_184","MPAL3_T1_TTGCCCACAGGGTAAC.1","disease"
"RM3_3091","MPAL3_T1_CCTTGGTAGGAGAACA.1","disease"
"RM3_3095","MPAL3_T1_TAGTCCCAGGAAGAAC.1","disease"
"RM3_3098","MPAL3_T1_GTAGTACAGACTAGCG.1","disease"
"RM3_3099","MPAL3_T1_AGCTATGGTGTTAGAA.1","disease"
"RM3_3097","MPAL3_T1_GTAATCGAGAAATACC.1","disease"
"RM3_305","MPAL3_T1_CTGCTCAAGTGATATG.1","disease"
"RM3_3100","MPAL3_T1_CGCTGGATCAAAGTAG.1","disease"
"RM3_3101","MPAL3_T1_GGGTGTCTCCCAGCAG.1","disease"
"RM3_3103","MPAL3_T1_TCTATTGTCACCCGGA.1","disease"
"RM3_3104","MPAL3_T1_AATGGAACAAGACACG.1","disease"
"RM3_3107","MPAL3_T1_GTACTTTTCATTGCCC.1","disease"
"RM3_3109","MPAL3_T1_CCCGTTAAGCGGACTA.1","disease"
"RM3_3110","MPAL3_T1_GAAGTCTGTCAGAAAT.1","disease"
"RM3_3096","MPAL3_T1_CATTCATAGCGATACG.1","disease"
"RM3_3105","MPAL3_T1_TATGTTCGTTCTCGAA.1","disease"
"RM3_3111","MPAL3_T1_TTTGTGTGTCGAGGAT.1","disease"
"RM3_2800","MPAL3_T1_TGTACAGTCTACTTTG.1","disease"
"RM3_3112","MPAL3_T1_TAAACCGCAAAGGAAG.1","disease"
"RM3_3113","MPAL3_T1_GGAACTTTCCCACTAC.1","disease"
"RM3_3106","MPAL3_T1_AGCTGGCCAAGTGGCA.1","disease"
"RM3_3102","MPAL3_T1_GTTACTTTCATGCTTT.1","disease"
"RM3_1816","MPAL3_T1_ATTTGTCGTGGTAAGC.1","disease"
"RM3_3108","MPAL3_T1_TTGCTTAAGAACGCCA.1","disease"
"RM4_4","MPAL4_T1_TGAGTCAGTGATGTGG.1","disease"
"RM4_5","MPAL4_T1_TGCATTTCAAACGTTC.1","disease"
"RM4_6","MPAL4_T1_TAGCCCTCAACGCAAG.1","disease"
"RM4_7","MPAL4_T1_TCAAGGTAGTCTGGGA.1","disease"
"RM4_8","MPAL4_T1_TTGAGCAAGGTGATGC.1","disease"
"RM4_9","MPAL4_T1_GATCATGCATCACAAC.1","disease"
"RM4_10","MPAL4_T1_ACTGCGGTCACCACAA.1","disease"
"RM4_11","MPAL4_T1_TTACGTTAGTACCCAT.1","disease"
"RM4_12","MPAL4_T1_TTACCGCGTAACGTAA.1","disease"
"RM4_13","MPAL4_T1_AACTGTGAGTGATAAC.1","disease"
"RM4_14","MPAL4_T1_GCTCCTATCTTAAGCG.1","disease"
"RM4_15","MPAL4_T1_ACGGATTGTACGCCCA.1","disease"
"RM4_16","MPAL4_T1_TTTGCGCCAAGTTCGT.1","disease"
"RM4_17","MPAL4_T1_ACTGCAAAGACGTCAG.1","disease"
"RM4_18","MPAL4_T1_GATTGACCAGATTTGC.1","disease"
"RM4_19","MPAL4_T1_CCACGTTGTGTGTGCC.1","disease"
"RM4_20","MPAL4_T1_TTTACGTCATTTGGTG.1","disease"
"RM4_21","MPAL4_T1_AACTGTGAGGTGTTGG.1","disease"
"RM4_22","MPAL4_T1_TGCTCGTCAGTAGTCT.1","disease"
"RM4_2","MPAL4_T1_TATCTGTTCCAAGTCA.1","disease"
"RM4_3","MPAL4_T1_GCATGATAGCATTCCA.1","disease"
"RM4_33","MPAL4_T1_TAGGAGGAGGGCTCTC.1","disease"
"RM4_39","MPAL4_T1_GGGCCATTCGGTTCCT.1","disease"
"RM4_40","MPAL4_T1_GGGTGTCCAAGCAACG.1","disease"
"RM4_41","MPAL4_T1_GCGCCAATCGCCACTT.1","disease"
"RM4_42","MPAL4_T1_TCAATTCGTCACAGGA.1","disease"
"RM4_43","MPAL4_T1_CCTAAAGTCCCACTTG.1","disease"
"RM4_44","MPAL4_T1_TATGTTCGTCTGCACG.1","disease"
"RM4_45","MPAL4_T1_CACTAAGGTCTGGTTA.1","disease"
"RM4_46","MPAL4_T1_TGTTAGGTCGCAAGCC.1","disease"
"RM4_47","MPAL4_T1_GCACGGTGTTTAGACC.1","disease"
"RM4_48","MPAL4_T1_AACCGATGTCCTATTT.1","disease"
"RM4_49","MPAL4_T1_ACTACGACATCACAGT.1","disease"
"RM4_50","MPAL4_T1_GCTCACTCAATTGGCT.1","disease"
"RM4_51","MPAL4_T1_GAAACAAGTCAGTGTT.1","disease"
"RM4_52","MPAL4_T1_GCACGGTTCAAGAGAT.1","disease"
"RM4_53","MPAL4_T1_TTGTTGTGTCAACTGT.1","disease"
"RM4_54","MPAL4_T1_CTGGGACGTAAGCCTT.1","disease"
"RM4_55","MPAL4_T1_TGACTCCCAGCGCGTT.1","disease"
"RM4_56","MPAL4_T1_GTAGGAGGTAGGGTTG.1","disease"
"RM4_57","MPAL4_T1_ATCCTCGAGGCTTAAA.1","disease"
"RM4_58","MPAL4_T1_TTGCGAATCTTATCAC.1","disease"
"RM4_59","MPAL4_T1_CGCTAGGCATAGCCAT.1","disease"
"RM4_60","MPAL4_T1_GTGATCATCCATAGGT.1","disease"
"RM4_61","MPAL4_T1_GGGAACAGTAGGGTTG.1","disease"
"RM4_86","MPAL4_T1_GTGTGATGTTCTACGA.1","disease"
"RM4_826","MPAL4_T1_ACTCGGGAGATGAGGA.1","disease"
"RM4_495","MPAL4_T1_CCCTAGTTCTCGCGTT.1","disease"
"RM4_827","MPAL4_T1_GCGGGTTGTCGTAATC.1","disease"
"RM4_828","MPAL4_T1_TACTCGCCAACATAAG.1","disease"
"RM4_829","MPAL4_T1_AACTGGTCAGGCAGAT.1","disease"
"RM4_830","MPAL4_T1_AACGAGGGTCTGATTG.1","disease"
"RM4_831","MPAL4_T1_TAACAGCCATTACACG.1","disease"
"RM4_832","MPAL4_T1_ACTACGAAGTATCTGC.1","disease"
"RM4_833","MPAL4_T1_TTCATCAGTTTGTCTT.1","disease"
"RM4_406","MPAL4_T1_TCAAGACCAAACTACC.1","disease"
"RM4_834","MPAL4_T1_TGCACCTGTGGCGCTT.1","disease"
"RM4_835","MPAL4_T1_CGCAGGTAGCCATCAT.1","disease"
"RM4_836","MPAL4_T1_CTGAATGTCTCTATCA.1","disease"
"RM4_837","MPAL4_T1_GACCTTCAGCGAATAT.1","disease"
"RM4_838","MPAL4_T1_ATTACCTCATCCGTAA.1","disease"
"RM4_839","MPAL4_T1_GCAACCGGTGAATCAA.1","disease"
"RM4_840","MPAL4_T1_AATGGAAAGTACCTCA.1","disease"
"RM4_460","MPAL4_T1_GACTAACCATCATGTG.1","disease"
"RM4_841","MPAL4_T1_TCTCTGGCATGGCCCA.1","disease"
"RM4_842","MPAL4_T1_TACCTCGCAACGACAG.1","disease"
"RM4_843","MPAL4_T1_GCTCACTCAGGCACAA.1","disease"
"RM4_844","MPAL4_T1_AACGGGAGTAGTATCC.1","disease"
"RM4_845","MPAL4_T1_TCTCAGCAGTCGTACT.1","disease"
"RM4_846","MPAL4_T1_AGCTGTAAGATTGACA.1","disease"
"RM4_483","MPAL4_T1_GCGGGTTGTATCTGCA.1","disease"
"RM4_847","MPAL4_T1_TACGCAATCCTCCTGA.1","disease"
"RM4_848","MPAL4_T1_CATTCCGTCGGTACTA.1","disease"
"RM4_849","MPAL4_T1_AGGCGTCCATTACTCT.1","disease"
"RM4_850","MPAL4_T1_GGTACCGCAGTATCTG.1","disease"
"RM4_851","MPAL4_T1_TGGTCCTCAAGGACCA.1","disease"
"RM4_852","MPAL4_T1_GTAATCGAGTTCGCGC.1","disease"
"RM4_853","MPAL4_T1_CCCAGAGAGTGAATAC.1","disease"
"RM4_854","MPAL4_T1_CGGACTGCACCAAGGA.1","disease"
"RM4_855","MPAL4_T1_TGAATCGAGAGGCGGA.1","disease"
"RM4_856","MPAL4_T1_CTAACTTCATCGGCCA.1","disease"
"RM4_857","MPAL4_T1_CCTAAAGCAAACGTTC.1","disease"
"RM4_858","MPAL4_T1_GAAACAATCTTTCGAT.1","disease"
"RM4_393","MPAL4_T1_TCAAGCATCGGTGATT.1","disease"
"RM4_859","MPAL4_T1_ACTCGGGTCCATAGGT.1","disease"
"RM4_860","MPAL4_T1_GGTGAAGTCGATCGCG.1","disease"
"RM4_861","MPAL4_T1_CCAGAATTCCTTTGAT.1","disease"
"RM4_862","MPAL4_T1_GGTACCGGTGGATTCT.1","disease"
"RM4_863","MPAL4_T1_AATGGAAGTGGCGCTT.1","disease"
"RM4_864","MPAL4_T1_CGTACAAAGGTACACG.1","disease"
"RM4_865","MPAL4_T1_CCACGTTTCGTGAACT.1","disease"
"RM4_596","MPAL4_T1_AACCAACAGTTCCCGG.1","disease"
"RM4_269","MPAL4_T1_AAAGGATGTAGACACG.1","disease"
"RM4_866","MPAL4_T1_TTCAACTAGAGCGGTT.1","disease"
"RM4_867","MPAL4_T1_CGCTATCTCTTGTCAT.1","disease"
"RM4_868","MPAL4_T1_TGACAACAGGTCGTTT.1","disease"
"RM4_869","MPAL4_T1_ACAGAAAAGCTGAGGT.1","disease"
"RM4_870","MPAL4_T1_AGCTGTATCGATTACG.1","disease"
"RM4_871","MPAL4_T1_TTTGAGGAGACCATAA.1","disease"
"RM4_66","MPAL4_T1_CCACAGGAGTATAGTG.1","disease"
"RM4_872","MPAL4_T1_TCGCAGGCATTGTGAC.1","disease"
"RM4_873","MPAL4_T1_CAACGGCCACTCGCAG.1","disease"
"RM4_874","MPAL4_T1_GTAATCGTCCGTCAAA.1","disease"
"RM4_875","MPAL4_T1_TGCTCGTAGCTAACAA.1","disease"
"RM4_876","MPAL4_T1_CCTGCTATCCCACTTG.1","disease"
"RM4_680","MPAL4_T1_CCCAGAGCAGAAGTGC.1","disease"
"RM4_877","MPAL4_T1_AAAGGGCCAAAGGTCG.1","disease"
"RM4_878","MPAL4_T1_ATCCAGAAGTTGCGCC.1","disease"
"RM4_879","MPAL4_T1_TAAGCCAAGCAGAATT.1","disease"
"RM4_453","MPAL4_T1_TTCGATTTCCCAGCAG.1","disease"
"RM4_880","MPAL4_T1_GCGGTGTGTATCTGCA.1","disease"
"RM4_881","MPAL4_T1_GAGGTCCCAAATTGAG.1","disease"
"RM4_882","MPAL4_T1_TTCAACTAGAGGAATG.1","disease"
"RM4_883","MPAL4_T1_CTGTTCGCAAGGACCA.1","disease"
"RM4_884","MPAL4_T1_TAGCGGCGTCTGATTG.1","disease"
"RM4_885","MPAL4_T1_AGCTATGGTAGACACG.1","disease"
"RM4_886","MPAL4_T1_CAGCTAAAGTCACGCC.1","disease"
"RM4_887","MPAL4_T1_GAATCTGGTCGCTAGC.1","disease"
"RM4_888","MPAL4_T1_CAGCTAATCGAGAAGC.1","disease"
"RM4_889","MPAL4_T1_TCAAGCACATCACAGT.1","disease"
"RM4_890","MPAL4_T1_AGCTGGCAGCGAATAT.1","disease"
"RM4_509","MPAL4_T1_ACCATCCGTATCTAGC.1","disease"
"RM4_891","MPAL4_T1_GCAAAGGGTTCCAATG.1","disease"
"RM4_892","MPAL4_T1_TAGCCCTAGAACCATA.1","disease"
"RM4_893","MPAL4_T1_GAGGTCCTCTGACATG.1","disease"
"RM4_894","MPAL4_T1_AAACGAATCTGTGTGA.1","disease"
"RM4_895","MPAL4_T1_AGTGCGCTCGTGAACT.1","disease"
"RM4_896","MPAL4_T1_GACTAGTTCAGGAATA.1","disease"
"RM4_897","MPAL4_T1_TTGCACCAGTTCGCGC.1","disease"
"RM4_898","MPAL4_T1_GCACGCAAGGAAGGTA.1","disease"
"RM4_899","MPAL4_T1_TTCATTGTCACTGGTA.1","disease"
"RM4_900","MPAL4_T1_TTAGCTTTCCTAGAGT.1","disease"
"RM4_901","MPAL4_T1_GTAATCGGTAACTGAA.1","disease"
"RM4_902","MPAL4_T1_AATGGCTTCTACTTTG.1","disease"
"RM4_351","MPAL4_T1_CTACAGAGTCAAACAA.1","disease"
"RM4_903","MPAL4_T1_TAAGTGCAGAGGCGGA.1","disease"
"RM4_438","MPAL4_T1_GTCACGGGTCAGTGTT.1","disease"
"RM4_904","MPAL4_T1_GAACCTACATCAACTG.1","disease"
"RM4_905","MPAL4_T1_ACAGGCCAGAATCAAC.1","disease"
"RM4_906","MPAL4_T1_GACCAATGTTCTACCC.1","disease"
"RM4_907","MPAL4_T1_TGCTTCGAGTGTCGGA.1","disease"
"RM4_908","MPAL4_T1_GTGCTGGAGAGAGTTT.1","disease"
"RM4_909","MPAL4_T1_CATGCCTAGACTAGGC.1","disease"
"RM4_532","MPAL4_T1_TACATGGTCGTTGTTT.1","disease"
"RM4_910","MPAL4_T1_AACCGATAGTATGGGC.1","disease"
"RM4_911","MPAL4_T1_CTTTGCGGTGTTGGTT.1","disease"
"RM4_912","MPAL4_T1_TGAATCGCACGATATC.1","disease"
"RM4_913","MPAL4_T1_TAGCATGGTCATTGGT.1","disease"
"RM4_274","MPAL4_T1_ACCTGCTTCCATACCC.1","disease"
"RM4_914","MPAL4_T1_TACTAGGCAATTCAGC.1","disease"
"RM4_99","MPAL4_T1_ATTCGTTGTTCTTTCA.1","disease"
"RM4_915","MPAL4_T1_CCCTCTCTCGCCCTTA.1","disease"
"RM4_916","MPAL4_T1_GTAGTACAGTACAGTA.1","disease"
"RM4_917","MPAL4_T1_CTGGGACAGTCTGCTA.1","disease"
"RM4_918","MPAL4_T1_CACGTTCGTGAGTAAT.1","disease"
"RM4_919","MPAL4_T1_TTAGGTGCACCTGTGG.1","disease"
"RM4_920","MPAL4_T1_TTACGTTCAGACTAAA.1","disease"
"RM4_921","MPAL4_T1_GCCAGACTCAATGCAC.1","disease"
"RM4_922","MPAL4_T1_GCCATAAAGAACTCCT.1","disease"
"RM4_923","MPAL4_T1_CTCTCGACAAGGTCGA.1","disease"
"RM4_924","MPAL4_T1_TGGTCCTCAAGGTTCT.1","disease"
"RM4_925","MPAL4_T1_ATTCGTTCACGAACGA.1","disease"
"RM4_926","MPAL4_T1_ATTTGTCTCGAGAACG.1","disease"
"RM4_24","MPAL4_T1_TCACCACCATTCACCC.1","disease"
"RM4_927","MPAL4_T1_TGTTAGGTCAATCGTG.1","disease"
"RM4_678","MPAL4_T1_ATTTGTCTCGCGATGC.1","disease"
"RM4_928","MPAL4_T1_CTTCTAACAAGTTCGT.1","disease"
"RM4_183","MPAL4_T1_ATTACTCCAACTCAAC.1","disease"
"RM4_929","MPAL4_T1_CAGGGCTAGTGCAACG.1","disease"
"RM4_930","MPAL4_T1_GCACGCAGTAATGTAG.1","disease"
"RM4_931","MPAL4_T1_GTGTGATGTGGACAGT.1","disease"
"RM4_400","MPAL4_T1_AACATCGGTCAGAGTG.1","disease"
"RM4_932","MPAL4_T1_TTCTGTACAATGACTC.1","disease"
"RM4_933","MPAL4_T1_CATGCCTTCAGGGTTT.1","disease"
"RM4_934","MPAL4_T1_GCGGTGTGTAACCGAG.1","disease"
"RM4_592","MPAL4_T1_TTTGAGGCAAACCTAC.1","disease"
"RM4_554","MPAL4_T1_AACCTGAAGAACAGGA.1","disease"
"RM4_935","MPAL4_T1_TTGAGCATCGACTTAG.1","disease"
"RM4_519","MPAL4_T1_CCGTAGGGTCACAGTT.1","disease"
"RM4_936","MPAL4_T1_TTGGTCCCAACTCGAT.1","disease"
"RM4_937","MPAL4_T1_CATGTTTTCCAACAAC.1","disease"
"RM4_938","MPAL4_T1_CTAGCGGAGGTGTTGG.1","disease"
"RM4_939","MPAL4_T1_GATCATGGTAGTAACA.1","disease"
"RM4_940","MPAL4_T1_CGCAATAAGATGGGAA.1","disease"
"RM4_67","MPAL4_T1_CCGTGAGCACTGATTG.1","disease"
"RM4_941","MPAL4_T1_ATCCTGCCATGCTATG.1","disease"
"RM4_942","MPAL4_T1_TTACGGAAGTTGCTTG.1","disease"
"RM4_943","MPAL4_T1_ACAAAGATCGATGCAT.1","disease"
"RM4_944","MPAL4_T1_CCTCCCTTCTTGTCAT.1","disease"
"RM4_945","MPAL4_T1_TTGCGAATCGCTCGGA.1","disease"
"RM4_946","MPAL4_T1_CATGTTTGTCGCTAGC.1","disease"
"RM4_91","MPAL4_T1_TCCATCGCACGTTACA.1","disease"
"RM4_947","MPAL4_T1_AATACGCGTAACATAG.1","disease"
"RM4_948","MPAL4_T1_CTCTAGCAGATTCCGT.1","disease"
"RM4_949","MPAL4_T1_TGCATGAAGAACCCGA.1","disease"
"RM4_950","MPAL4_T1_CTGTATTCAAGGCGTA.1","disease"
"RM4_951","MPAL4_T1_TGCTCGTGTTTAGACC.1","disease"
"RM4_952","MPAL4_T1_ACCCAAACATCCTGGG.1","disease"
"RM4_953","MPAL4_T1_CTCTACGGTTACTACG.1","disease"
"RM4_954","MPAL4_T1_CCTTGCACAGAATGCG.1","disease"
"RM4_955","MPAL4_T1_CAAGAAAGTAGCAGGT.1","disease"
"RM4_956","MPAL4_T1_CTCAACCCACTCCTCA.1","disease"
"RM4_957","MPAL4_T1_TGCATGATCCTCCCAA.1","disease"
"RM4_958","MPAL4_T1_TGTACGAAGTTCAAGA.1","disease"
"RM4_959","MPAL4_T1_GTGACATAGTATACGA.1","disease"
"RM4_960","MPAL4_T1_ATCCTGCAGGGAGATA.1","disease"
"RM4_961","MPAL4_T1_GAGGTCCGTTCTTTGT.1","disease"
"RM4_962","MPAL4_T1_CACCTTGAGGTTAGTA.1","disease"
"RM4_963","MPAL4_T1_CAGCTGGAGTACGCGA.1","disease"
"RM4_367","MPAL4_T1_ACAAAGAAGAAATACC.1","disease"
"RM4_964","MPAL4_T1_TACTGCCTCCGCTCTA.1","disease"
"RM4_965","MPAL4_T1_ACTGCAAGTAACATAG.1","disease"
"RM4_128","MPAL4_T1_CAAAGCTGTATTCGCA.1","disease"
"RM4_326","MPAL4_T1_GGAGTAGCAAGAGATT.1","disease"
"RM4_966","MPAL4_T1_AAATGCCGTCTCTGCT.1","disease"
"RM4_967","MPAL4_T1_GGTACCGAGTTCAACC.1","disease"
"RM4_968","MPAL4_T1_GGTGTCGAGAGTTCGG.1","disease"
"RM4_969","MPAL4_T1_TCGATTTGTATGTCCA.1","disease"
"RM4_603","MPAL4_T1_TCGCAGGGTACCAAGG.1","disease"
"RM4_970","MPAL4_T1_ACATGCAGTGCAGACA.1","disease"
"RM4_971","MPAL4_T1_TTCTAACCACTTACAG.1","disease"
"RM4_972","MPAL4_T1_AAACTGCTCGGATAAA.1","disease"
"RM4_590","MPAL4_T1_GGAGTAGTCTGGCCAG.1","disease"
"RM4_973","MPAL4_T1_GAGATTCTCTCGACAA.1","disease"
"RM4_974","MPAL4_T1_CTACAGACAGGTCCTG.1","disease"
"RM4_189","MPAL4_T1_CCAGATACAGGCACAA.1","disease"
"RM4_254","MPAL4_T1_AACATCGGTCAGAAAT.1","disease"
"RM4_485","MPAL4_T1_CATTGGAAGGGATCCA.1","disease"
"RM4_975","MPAL4_T1_TACATGGAGCGTCTGC.1","disease"
"RM4_976","MPAL4_T1_TACGGATAGCCGCAAA.1","disease"
"RM4_977","MPAL4_T1_CTAGGGCCAGGCAAGT.1","disease"
"RM4_978","MPAL4_T1_AATGGCTAGTCGAAAT.1","disease"
"RM4_979","MPAL4_T1_AATGGCTGTTTCTTAC.1","disease"
"RM4_980","MPAL4_T1_ACTGTCCAGTCGTATC.1","disease"
"RM4_981","MPAL4_T1_TGACAACTCACATTCT.1","disease"
"RM4_982","MPAL4_T1_AGCCGCAGTAACTGAA.1","disease"
"RM4_983","MPAL4_T1_CACCTGTTCATTCATC.1","disease"
"RM4_417","MPAL4_T1_CGCTGGAGTGGGTAGT.1","disease"
"RM4_984","MPAL4_T1_CCTAAAGCAACACGGA.1","disease"
"RM4_985","MPAL4_T1_TAATCGGGTCATAAGA.1","disease"
"RM4_986","MPAL4_T1_GTGATCACAAACGTTC.1","disease"
"RM4_987","MPAL4_T1_GGGTTATGTAGGGTTG.1","disease"
"RM4_988","MPAL4_T1_ACCAAACGTAGGGTTG.1","disease"
"RM4_989","MPAL4_T1_TCCCACAGTTTAGACC.1","disease"
"RM4_990","MPAL4_T1_GAGAACGTCGGATAAA.1","disease"
"RM4_991","MPAL4_T1_TGGCAATGTACTTCGA.1","disease"
"RM4_992","MPAL4_T1_AGGCGAATCAAGGCAG.1","disease"
"RM4_993","MPAL4_T1_GCGTTGGGTACCCACG.1","disease"
"RM4_994","MPAL4_T1_TTACTCACACGTTGTA.1","disease"
"RM4_995","MPAL4_T1_TGCATGAGTGTCTACA.1","disease"
"RM4_113","MPAL4_T1_GGGCCATCAGGTAACG.1","disease"
"RM4_94","MPAL4_T1_TTCGCGTTCCTGTGGG.1","disease"
"RM4_996","MPAL4_T1_CAGTGTAGTGGACCAA.1","disease"
"RM4_997","MPAL4_T1_TGTACGAGTGACCAGA.1","disease"
"RM4_998","MPAL4_T1_CTTGCCATCGCACCTT.1","disease"
"RM4_999","MPAL4_T1_GATGATCTCTTGTACT.1","disease"
"RM4_1000","MPAL4_T1_CATGTTTTCGTCTTAT.1","disease"
"RM4_1001","MPAL4_T1_CCAATGAAGTAATGTG.1","disease"
"RM4_1002","MPAL4_T1_GCGCATGGTATTCACG.1","disease"
"RM4_1003","MPAL4_T1_TAAGTGCCATCACAAC.1","disease"
"RM4_1004","MPAL4_T1_AAGGAGCGTAGCAGGT.1","disease"
"RM4_1005","MPAL4_T1_TTGAGCAAGAGCACTG.1","disease"
"RM4_1006","MPAL4_T1_TTTGTGTGTCTAAGAA.1","disease"
"RM4_1007","MPAL4_T1_TCCCACAAGCTGAATA.1","disease"
"RM4_1008","MPAL4_T1_AATGTCGCATCAGCTA.1","disease"
"RM4_1009","MPAL4_T1_GTCACAACAGCTGATT.1","disease"
"RM4_1010","MPAL4_T1_GCGAGAAAGTACCACT.1","disease"
"RM4_1011","MPAL4_T1_TGCCTCAAGGTTGTTC.1","disease"
"RM4_1012","MPAL4_T1_CTGGGACTCGGTTCCT.1","disease"
"RM4_1013","MPAL4_T1_GAACCGCCAAAGAAGG.1","disease"
"RM4_1014","MPAL4_T1_TACTAGGTCTCCCTTT.1","disease"
"RM4_1015","MPAL4_T1_GGCATTAGTGCGTAGA.1","disease"
"RM4_1016","MPAL4_T1_ATCCCTGGTTTGCATG.1","disease"
"RM4_391","MPAL4_T1_CTAACTTCAGATTAAG.1","disease"
"RM4_1017","MPAL4_T1_CCTTGGTTCTAGCAAC.1","disease"
"RM4_1018","MPAL4_T1_GGGTGTCAGGATGCCA.1","disease"
"RM4_1019","MPAL4_T1_GAGGTCCAGTAGTCGG.1","disease"
"RM4_1020","MPAL4_T1_ATCCTCGAGGGTCCCT.1","disease"
"RM4_301","MPAL4_T1_TTTGTGTGTAAACCCT.1","disease"
"RM4_35","MPAL4_T1_CTCTCAGGTAGAAGCC.1","disease"
"RM4_1021","MPAL4_T1_GGAGGATCACTAGGAG.1","disease"
"RM4_1022","MPAL4_T1_ACTTCCGAGAACAGGA.1","disease"
"RM4_1023","MPAL4_T1_AGCCGCACAACTACTG.1","disease"
"RM4_1024","MPAL4_T1_GTCTACCGTATGGATA.1","disease"
"RM4_1025","MPAL4_T1_TTGCACCAGCGCAATG.1","disease"
"RM4_1026","MPAL4_T1_TACCTCGCAGGCAAGT.1","disease"
"RM4_1027","MPAL4_T1_CACCTGTTCTGTGTGA.1","disease"
"RM4_1028","MPAL4_T1_GTCGTAACAAGGTCGA.1","disease"
"RM4_1029","MPAL4_T1_GGTGCTGAGACTCGGA.1","disease"
"RM4_1030","MPAL4_T1_GCGCATGAGAACGTTA.1","disease"
"RM4_248","MPAL4_T1_TGCACCTCAGCGTACC.1","disease"
"RM4_487","MPAL4_T1_GTCTACCGTGGCCTCA.1","disease"
"RM4_1031","MPAL4_T1_TACATTCAGAGGCCTA.1","disease"
"RM4_1032","MPAL4_T1_GGTGCTGAGTGAAGGA.1","disease"
"RM4_1033","MPAL4_T1_GGGTTATTCAATTGGC.1","disease"
"RM4_557","MPAL4_T1_CTCATGCAGTTGCCGC.1","disease"
"RM4_1034","MPAL4_T1_GGTACCGTCTCTATCA.1","disease"
"RM4_1035","MPAL4_T1_AGCGATTCAGTAAGAT.1","disease"
"RM4_1036","MPAL4_T1_TGCTTTACATAGCAGG.1","disease"
"RM4_1037","MPAL4_T1_TGTACGAAGTATACGA.1","disease"
"RM4_1038","MPAL4_T1_CTTGTCGGTGTTTCTT.1","disease"
"RM4_1039","MPAL4_T1_CTCATGCCATAGTCCA.1","disease"
"RM4_97","MPAL4_T1_TTCATTGGTGGATTTC.1","disease"
"RM4_87","MPAL4_T1_AATGGCTCAACGCACC.1","disease"
"RM4_1040","MPAL4_T1_CGTGGCACACCACGAC.1","disease"
"RM4_337","MPAL4_T1_GGAGGATAGGTTCTCA.1","disease"
"RM4_1041","MPAL4_T1_AGCCGCATCATACTTC.1","disease"
"RM4_1042","MPAL4_T1_CACAACAAGTCATACC.1","disease"
"RM4_1043","MPAL4_T1_ATGTACGGTATGGGTG.1","disease"
"RM4_1044","MPAL4_T1_TAGACTGGTTACACTG.1","disease"
"RM4_325","MPAL4_T1_TGAGTCAAGCACCATT.1","disease"
"RM4_1045","MPAL4_T1_TAACTTCGTGCAAAGC.1","disease"
"RM4_1046","MPAL4_T1_CCGCATTAGAGCGGTT.1","disease"
"RM4_1047","MPAL4_T1_CCTAAAGCAGCAGGTA.1","disease"
"RM4_1048","MPAL4_T1_TGTACGAAGAAATACC.1","disease"
"RM4_1049","MPAL4_T1_AACGAGGCAGCACATT.1","disease"
"RM4_1050","MPAL4_T1_TTCGGTCGTAACGTAA.1","disease"
"RM4_449","MPAL4_T1_CGTGGCACATCAGCTA.1","disease"
"RM4_1051","MPAL4_T1_TGACAACGTTATAGAG.1","disease"
"RM4_258","MPAL4_T1_GGCATTATCTAGCAAC.1","disease"
"RM4_1052","MPAL4_T1_GGTAGGACATTCGTCC.1","disease"
"RM4_710","MPAL4_T1_TAGCACAGTGATAGAT.1","disease"
"RM4_1053","MPAL4_T1_TCTCTGGGTTAGGAAT.1","disease"
"RM4_1054","MPAL4_T1_ATGTACGAGTCATCTG.1","disease"
"RM4_324","MPAL4_T1_AAACTCGGTCTGGGCT.1","disease"
"RM4_1055","MPAL4_T1_TCAGCTCCAAGGGTAC.1","disease"
"RM4_538","MPAL4_T1_TCACTCGTCCAGCACG.1","disease"
"RM4_1056","MPAL4_T1_TACATTCCAGGTGGTA.1","disease"
"RM4_1057","MPAL4_T1_CAGCTGGCATTTCTTG.1","disease"
"RM4_650","MPAL4_T1_CTAACTTAGTCGAAAT.1","disease"
"RM4_1058","MPAL4_T1_GCGCCAAGTTGAAGCG.1","disease"
"RM4_1059","MPAL4_T1_ATGTTTCGTACGAGAC.1","disease"
"RM4_1060","MPAL4_T1_GTCCATCCAGATTAAG.1","disease"
"RM4_358","MPAL4_T1_GCGATTACACGCCGAT.1","disease"
"RM4_1061","MPAL4_T1_GCGGAAACATGGGAAC.1","disease"
"RM4_1062","MPAL4_T1_GCTCAGGCAATGGTCT.1","disease"
"RM4_177","MPAL4_T1_ATTGTCTTCTGATCTT.1","disease"
"RM4_758","MPAL4_T1_TGAATCGGTATCCCTC.1","disease"
"RM4_1063","MPAL4_T1_GCACGCACAGTAGTCT.1","disease"
"RM4_1064","MPAL4_T1_TATGTGGAGAACGTCG.1","disease"
"RM4_1065","MPAL4_T1_GAAGAGCGTATCTCAG.1","disease"
"RM4_424","MPAL4_T1_AACCTGACACGATATC.1","disease"
"RM4_1066","MPAL4_T1_GGTAGGACAGTAGTCT.1","disease"
"RM4_1067","MPAL4_T1_GTCACCTTCAGCCGGT.1","disease"
"RM4_473","MPAL4_T1_AAGGAGCCACAGGAAC.1","disease"
"RM4_290","MPAL4_T1_CCAATGAAGTCGATAA.1","disease"
"RM4_130","MPAL4_T1_TTATGTCCACCGTCTT.1","disease"
"RM4_1068","MPAL4_T1_TTAGCGACATCGACCG.1","disease"
"RM4_1069","MPAL4_T1_AACCGATAGGATTGAT.1","disease"
"RM4_1070","MPAL4_T1_GCACGGTCAGCAACGA.1","disease"
"RM4_1071","MPAL4_T1_GCAAAGGTCATCGCAA.1","disease"
"RM4_1072","MPAL4_T1_TAGACTGCACCGTCTT.1","disease"
"RM4_1073","MPAL4_T1_GATGGCCAGCGCAATG.1","disease"
"RM4_715","MPAL4_T1_GCGGTGTAGAGCACTG.1","disease"
"RM4_1074","MPAL4_T1_CCCTAGTCATAAAGTG.1","disease"
"RM4_1075","MPAL4_T1_CCGTGAGAGGTACTCT.1","disease"
"RM4_1076","MPAL4_T1_CTCTAGCAGCTAGCAG.1","disease"
"RM4_1077","MPAL4_T1_TCTCTGGTCGGTCAGC.1","disease"
"RM4_1078","MPAL4_T1_AGGACGAGTGAGTAAT.1","disease"
"RM4_1079","MPAL4_T1_CCCAGAGAGCACACCC.1","disease"
"RM4_1080","MPAL4_T1_TCAAGCAGTTTCAGCA.1","disease"
"RM4_1081","MPAL4_T1_TAGGTCAGTACAACGG.1","disease"
"RM4_1082","MPAL4_T1_TAGACTGCAAGGGTAC.1","disease"
"RM4_1083","MPAL4_T1_TTAACGGGTGCACCCA.1","disease"
"RM4_1084","MPAL4_T1_CACCTGTGTCGCGCTA.1","disease"
"RM4_1085","MPAL4_T1_GGCATTAGTTGGACGA.1","disease"
"RM4_1086","MPAL4_T1_TTTGGCCAGCGCAATG.1","disease"
"RM4_1087","MPAL4_T1_TCAAGCAAGAAATGGG.1","disease"
"RM4_1088","MPAL4_T1_CCCACATAGAACTCCT.1","disease"
"RM4_690","MPAL4_T1_TCACAGAGTTAGGCTT.1","disease"
"RM4_23","MPAL4_T1_TCAATTCTCGAGTGTT.1","disease"
"RM4_143","MPAL4_T1_GCGGGTTGTGATAAGT.1","disease"
"RM4_1089","MPAL4_T1_GCATTGACAACGTAGG.1","disease"
"RM4_1090","MPAL4_T1_AAACTCGCATTCACCC.1","disease"
"RM4_1091","MPAL4_T1_CGCAGGTTCTGGCACG.1","disease"
"RM4_1092","MPAL4_T1_GGAACCCGTTCCCTTG.1","disease"
"RM4_1093","MPAL4_T1_TTCGTTAGTAACCATC.1","disease"
"RM4_1094","MPAL4_T1_AAATGAGAGTTGTCCA.1","disease"
"RM4_1095","MPAL4_T1_TAACTTCGTTGGGAAC.1","disease"
"RM4_1096","MPAL4_T1_GTAATCGCAAGAAACT.1","disease"
"RM4_1097","MPAL4_T1_GTCACGGTCAGAATGA.1","disease"
"RM4_1098","MPAL4_T1_ATCCTGCTCGTGGAAG.1","disease"
"RM4_535","MPAL4_T1_TACGGATGTAAACGGC.1","disease"
"RM4_1099","MPAL4_T1_ACGTTAGCATCATCGA.1","disease"
"RM4_1100","MPAL4_T1_ACTAACGCATCCCTCA.1","disease"
"RM4_1101","MPAL4_T1_GCCTAGGTCTATCCTA.1","disease"
"RM4_1102","MPAL4_T1_CGTGGCAGTGTCGTCG.1","disease"
"RM4_125","MPAL4_T1_TGCTATTCATCGCTAA.1","disease"
"RM4_1103","MPAL4_T1_CAATCCCTCAGCACTA.1","disease"
"RM4_668","MPAL4_T1_GCGTTGGCAAGCGGTA.1","disease"
"RM4_365","MPAL4_T1_GCACGGTCAATCATCG.1","disease"
"RM4_1104","MPAL4_T1_GGCGTTGCAATGCACT.1","disease"
"RM4_1105","MPAL4_T1_CGCTGGACAACGTACT.1","disease"
"RM4_250","MPAL4_T1_ACCAAACCAAAGAGAG.1","disease"
"RM4_1106","MPAL4_T1_GCTGTTCGTCCAGACC.1","disease"
"RM4_1107","MPAL4_T1_TTGGTCCAGGTACACG.1","disease"
"RM4_1108","MPAL4_T1_TGCTATTTCCATAGGT.1","disease"
"RM4_418","MPAL4_T1_CCACGTTGTTCACGTA.1","disease"
"RM4_1109","MPAL4_T1_GTTCAAGCATGCACTA.1","disease"
"RM4_637","MPAL4_T1_TTTACGTCAAACGACG.1","disease"
"RM4_1110","MPAL4_T1_TTCAACTGTCTGAGCC.1","disease"
"RM4_415","MPAL4_T1_ACGTGGCCAAGGAGGG.1","disease"
"RM4_1111","MPAL4_T1_CTCATGCTCGAGCGCT.1","disease"
"RM4_1112","MPAL4_T1_TTGTCTAAGAGCAGCT.1","disease"
"RM4_1113","MPAL4_T1_TGTGTCCTCCCTACCA.1","disease"
"RM4_1114","MPAL4_T1_CTCTCAGCATCGTGAT.1","disease"
"RM4_1115","MPAL4_T1_TCAAGGTGTTGGGAAC.1","disease"
"RM4_1116","MPAL4_T1_GGAACCCGTGATAAGT.1","disease"
"RM4_1117","MPAL4_T1_GCCAGCAAGAGGTACC.1","disease"
"RM4_1118","MPAL4_T1_GCTTGCTTCCTATCCG.1","disease"
"RM4_1119","MPAL4_T1_TAGACTGTCCCAGCAG.1","disease"
"RM4_1120","MPAL4_T1_CAACCAAGTTTAAGCC.1","disease"
"RM4_227","MPAL4_T1_GCACGGTGTTTGCCAA.1","disease"
"RM4_1121","MPAL4_T1_AACGGGAAGTTCTCCC.1","disease"
"RM4_1122","MPAL4_T1_AAATGCCGTACCTATG.1","disease"
"RM4_1123","MPAL4_T1_GTCACAACAATGATGA.1","disease"
"RM4_1124","MPAL4_T1_AGCCTCTAGAAAGCAG.1","disease"
"RM4_1125","MPAL4_T1_TTCAACTGTGCATTGT.1","disease"
"RM4_1126","MPAL4_T1_TCAGTCCTCCCAGCGA.1","disease"
"RM4_1127","MPAL4_T1_AGCCAGCGTGATTCCA.1","disease"
"RM4_64","MPAL4_T1_TCGCAGGCACGCTGTG.1","disease"
"RM4_504","MPAL4_T1_TCGTTCGCAGCACATT.1","disease"
"RM4_1128","MPAL4_T1_TTTGGTTCAGATTTGC.1","disease"
"RM4_451","MPAL4_T1_TCAAGGTAGTCCCGCA.1","disease"
"RM4_1129","MPAL4_T1_TCGATTTTCTTAATCC.1","disease"
"RM4_1130","MPAL4_T1_TGATGCAGTCCACCAG.1","disease"
"RM4_1131","MPAL4_T1_CTGGGACTCCTGTAGA.1","disease"
"RM4_1132","MPAL4_T1_AAAGGATCAATCATCG.1","disease"
"RM4_1133","MPAL4_T1_TTCTAACGTTCAGAAA.1","disease"
"RM4_1134","MPAL4_T1_TTTGAGGGTTTGTGAC.1","disease"
"RM4_569","MPAL4_T1_CTGTATTCAACGAGGT.1","disease"
"RM4_612","MPAL4_T1_TCTAGTTTCTCTGCGT.1","disease"
"RM4_1135","MPAL4_T1_TCGAGCGAGTAGTCGG.1","disease"
"RM4_1136","MPAL4_T1_ATCCCTGCACATATCG.1","disease"
"RM4_1137","MPAL4_T1_GTGTCAATCCATGTTT.1","disease"
"RM4_510","MPAL4_T1_TCCATCGCATGTGGGA.1","disease"
"RM4_310","MPAL4_T1_TAAGTGCGTTAACCAC.1","disease"
"RM4_1138","MPAL4_T1_ATTGTCTGTCAATCCA.1","disease"
"RM4_1139","MPAL4_T1_ATTACTCCAGCAATGG.1","disease"
"RM4_1140","MPAL4_T1_TAAACCGCATCATCGA.1","disease"
"RM4_1141","MPAL4_T1_TGCATTTGTATACGCT.1","disease"
"RM4_1142","MPAL4_T1_CTCCCAAGTCATAGCT.1","disease"
"RM4_1143","MPAL4_T1_TACTGCCTCAAACCAC.1","disease"
"RM4_1144","MPAL4_T1_AAGATAGTCGGTACTA.1","disease"
"RM4_1145","MPAL4_T1_CTGTATTGTGATGCGA.1","disease"
"RM4_1146","MPAL4_T1_ACCGCAGGTGTCCCAG.1","disease"
"RM4_1147","MPAL4_T1_GGTGAAGTCTCCTTGG.1","disease"
"RM4_240","MPAL4_T1_GGCACGTAGAGGTGGG.1","disease"
"RM4_1148","MPAL4_T1_TAGGTCAGTATGCTAC.1","disease"
"RM4_1149","MPAL4_T1_TCAAGGTAGATAGGTT.1","disease"
"RM4_272","MPAL4_T1_CACATGATCTCTGACC.1","disease"
"RM4_1150","MPAL4_T1_CTCACCACAGTCAGAG.1","disease"
"RM4_1151","MPAL4_T1_GCGCATGTCCCAGCGA.1","disease"
"RM4_552","MPAL4_T1_GACCTTCCACCACCAG.1","disease"
"RM4_134","MPAL4_T1_CTTAATCAGTGCACAG.1","disease"
"RM4_1152","MPAL4_T1_TACGCCTCAAAGAAGG.1","disease"
"RM4_1153","MPAL4_T1_CAGGATTGTGAGGTCA.1","disease"
"RM4_1154","MPAL4_T1_TATGTGGAGTAATCAG.1","disease"
"RM4_1155","MPAL4_T1_ACTGTCCGTGGACAGT.1","disease"
"RM4_109","MPAL4_T1_GCTGTTCGTAAACCCT.1","disease"
"RM4_1156","MPAL4_T1_GAACGTTTCGCACAAT.1","disease"
"RM4_262","MPAL4_T1_TCCCACAGTCATAAGA.1","disease"
"RM4_1157","MPAL4_T1_TTACTTGCATGACTGT.1","disease"
"RM4_1158","MPAL4_T1_TACATTCCACGCGCAT.1","disease"
"RM4_190","MPAL4_T1_TAGTCCCGTCAAATCC.1","disease"
"RM4_144","MPAL4_T1_TGCATTTCAAGTAATG.1","disease"
"RM4_1159","MPAL4_T1_CCACAGGAGACCATAA.1","disease"
"RM4_1160","MPAL4_T1_TCGATTTTCTATAGGC.1","disease"
