"cell","stage"
"hft_w20_p3_r1_AAACGAAAGAGCGAAA-1","hft_w20_p3_r1_AAACGAAAGAGCGAAA.1","stage2"
"hft_w20_p3_r1_AAACGAAAGCAGGACT-1","hft_w20_p3_r1_AAACGAAAGCAGGACT.1","stage2"
"hft_w20_p3_r1_AAACGAAAGGATCCTT-1","hft_w20_p3_r1_AAACGAAAGGATCCTT.1","stage2"
"hft_w20_p3_r1_AAACGAAAGGCTTCGC-1","hft_w20_p3_r1_AAACGAAAGGCTTCGC.1","stage2"
"hft_w20_p3_r1_AAACGAACAAAGCTGG-1","hft_w20_p3_r1_AAACGAACAAAGCTGG.1","stage2"
"hft_w20_p3_r1_AAACGAAGTAGCGGTA-1","hft_w20_p3_r1_AAACGAAGTAGCGGTA.1","stage2"
"hft_w20_p3_r1_AAACGAAGTATTGTGC-1","hft_w20_p3_r1_AAACGAAGTATTGTGC.1","stage2"
"hft_w20_p3_r1_AAACGAATCGTTCAGA-1","hft_w20_p3_r1_AAACGAATCGTTCAGA.1","stage2"
"hft_w20_p3_r1_AAACTCGCACATCATG-1","hft_w20_p3_r1_AAACTCGCACATCATG.1","stage2"
"hft_w20_p3_r1_AAACTCGCAGAACGAC-1","hft_w20_p3_r1_AAACTCGCAGAACGAC.1","stage2"
"hft_w20_p3_r1_AAACTCGCAGGGCTTC-1","hft_w20_p3_r1_AAACTCGCAGGGCTTC.1","stage2"
"hft_w20_p3_r1_AAACTCGGTCCTATTT-1","hft_w20_p3_r1_AAACTCGGTCCTATTT.1","stage2"
"hft_w20_p3_r1_AAACTCGTCACGATTG-1","hft_w20_p3_r1_AAACTCGTCACGATTG.1","stage2"
"hft_w20_p3_r1_AAACTCGTCGGATAAA-1","hft_w20_p3_r1_AAACTCGTCGGATAAA.1","stage2"
"hft_w20_p3_r1_AAACTGCAGATGGGAA-1","hft_w20_p3_r1_AAACTGCAGATGGGAA.1","stage2"
"hft_w20_p3_r1_AAACTGCCAAGGCTTT-1","hft_w20_p3_r1_AAACTGCCAAGGCTTT.1","stage2"
"hft_w20_p3_r1_AAACTGCCAATCAGGG-1","hft_w20_p3_r1_AAACTGCCAATCAGGG.1","stage2"
"hft_w20_p3_r1_AAACTGCCAGGTCTGC-1","hft_w20_p3_r1_AAACTGCCAGGTCTGC.1","stage2"
"hft_w20_p3_r1_AAACTGCGTTCCAGTA-1","hft_w20_p3_r1_AAACTGCGTTCCAGTA.1","stage2"
"hft_w20_p3_r1_AAACTGCGTTTCGTTT-1","hft_w20_p3_r1_AAACTGCGTTTCGTTT.1","stage2"
"hft_w20_p3_r1_AAACTGCTCGTTGTAG-1","hft_w20_p3_r1_AAACTGCTCGTTGTAG.1","stage2"
"hft_w20_p3_r1_AAAGATGAGCAACGGT-1","hft_w20_p3_r1_AAAGATGAGCAACGGT.1","stage2"
"hft_w20_p3_r1_AAAGATGAGCCCATTA-1","hft_w20_p3_r1_AAAGATGAGCCCATTA.1","stage2"
"hft_w20_p3_r1_AAAGATGGTGATGCTT-1","hft_w20_p3_r1_AAAGATGGTGATGCTT.1","stage2"
"hft_w20_p3_r1_AAAGATGTCCACGAGC-1","hft_w20_p3_r1_AAAGATGTCCACGAGC.1","stage2"
"hft_w20_p3_r1_AAAGATGTCTAGCAGT-1","hft_w20_p3_r1_AAAGATGTCTAGCAGT.1","stage2"
"hft_w20_p3_r1_AAAGGATAGCCATGGA-1","hft_w20_p3_r1_AAAGGATAGCCATGGA.1","stage2"
"hft_w20_p3_r1_AAAGGATAGCGATACG-1","hft_w20_p3_r1_AAAGGATAGCGATACG.1","stage2"
"hft_w20_p3_r1_AAAGGATCACCGAATT-1","hft_w20_p3_r1_AAAGGATCACCGAATT.1","stage2"
"hft_w20_p3_r1_AAAGGATCAGACCTGC-1","hft_w20_p3_r1_AAAGGATCAGACCTGC.1","stage2"
"hft_w20_p3_r1_AAAGGATGTGGCGCTT-1","hft_w20_p3_r1_AAAGGATGTGGCGCTT.1","stage2"
"hft_w20_p3_r1_AAAGGGCCAAGCACTT-1","hft_w20_p3_r1_AAAGGGCCAAGCACTT.1","stage2"
"hft_w20_p3_r1_AAAGGGCGTGCTTGAT-1","hft_w20_p3_r1_AAAGGGCGTGCTTGAT.1","stage2"
"hft_w20_p3_r1_AAAGGGCGTTTGACCA-1","hft_w20_p3_r1_AAAGGGCGTTTGACCA.1","stage2"
"hft_w20_p3_r1_AAATGAGAGCATTCCA-1","hft_w20_p3_r1_AAATGAGAGCATTCCA.1","stage2"
"hft_w20_p3_r1_AAATGAGAGTCGTATC-1","hft_w20_p3_r1_AAATGAGAGTCGTATC.1","stage2"
"hft_w20_p3_r1_AAATGAGCAGCTTACA-1","hft_w20_p3_r1_AAATGAGCAGCTTACA.1","stage2"
"hft_w20_p3_r1_AAATGCCAGGAAGAAC-1","hft_w20_p3_r1_AAATGCCAGGAAGAAC.1","stage2"
"hft_w20_p3_r1_AAATGCCAGGACTAGC-1","hft_w20_p3_r1_AAATGCCAGGACTAGC.1","stage2"
"hft_w20_p3_r1_AAATGCCAGTATACCC-1","hft_w20_p3_r1_AAATGCCAGTATACCC.1","stage2"
"hft_w20_p3_r1_AAATGCCAGTGAGCTG-1","hft_w20_p3_r1_AAATGCCAGTGAGCTG.1","stage2"
"hft_w20_p3_r1_AAATGCCGTGACCAGA-1","hft_w20_p3_r1_AAATGCCGTGACCAGA.1","stage2"
"hft_w20_p3_r1_AAATGCCGTTCCAATG-1","hft_w20_p3_r1_AAATGCCGTTCCAATG.1","stage2"
"hft_w20_p3_r1_AAATGCCTCAGTCTTT-1","hft_w20_p3_r1_AAATGCCTCAGTCTTT.1","stage2"
"hft_w20_p3_r1_AAATGCCTCCATGACA-1","hft_w20_p3_r1_AAATGCCTCCATGACA.1","stage2"
"hft_w20_p3_r1_AAATGCCTCGCTTCAC-1","hft_w20_p3_r1_AAATGCCTCGCTTCAC.1","stage2"
"hft_w20_p3_r1_AAATGCCTCGGATAAA-1","hft_w20_p3_r1_AAATGCCTCGGATAAA.1","stage2"
"hft_w20_p3_r1_AACAAAGAGTAGGTCG-1","hft_w20_p3_r1_AACAAAGAGTAGGTCG.1","stage2"
"hft_w20_p3_r1_AACAAAGCAAGTCCTA-1","hft_w20_p3_r1_AACAAAGCAAGTCCTA.1","stage2"
"hft_w20_p3_r1_AACAAAGCAATCACTG-1","hft_w20_p3_r1_AACAAAGCAATCACTG.1","stage2"
"hft_w20_p3_r1_AACAAAGCACTCAGCG-1","hft_w20_p3_r1_AACAAAGCACTCAGCG.1","stage2"
"hft_w20_p3_r1_AACAAAGGTACCTATG-1","hft_w20_p3_r1_AACAAAGGTACCTATG.1","stage2"
"hft_w20_p3_r1_AACAGTCAGCGTCAAG-1","hft_w20_p3_r1_AACAGTCAGCGTCAAG.1","stage2"
"hft_w20_p3_r1_AACAGTCAGTGAGCAC-1","hft_w20_p3_r1_AACAGTCAGTGAGCAC.1","stage2"
"hft_w20_p3_r1_AACAGTCCATGGAGGT-1","hft_w20_p3_r1_AACAGTCCATGGAGGT.1","stage2"
"hft_w20_p3_r1_AACAGTCGTATGTTCG-1","hft_w20_p3_r1_AACAGTCGTATGTTCG.1","stage2"
"hft_w20_p3_r1_AACAGTCGTTCCAGTA-1","hft_w20_p3_r1_AACAGTCGTTCCAGTA.1","stage2"
"hft_w20_p3_r1_AACAGTCTCGTGCTGG-1","hft_w20_p3_r1_AACAGTCTCGTGCTGG.1","stage2"
"hft_w20_p3_r1_AACAGTCTCTCGACCT-1","hft_w20_p3_r1_AACAGTCTCTCGACCT.1","stage2"
"hft_w20_p3_r1_AACATCGAGAATATCG-1","hft_w20_p3_r1_AACATCGAGAATATCG.1","stage2"
"hft_w20_p3_r1_AACATCGAGAGAAGCA-1","hft_w20_p3_r1_AACATCGAGAGAAGCA.1","stage2"
"hft_w20_p3_r1_AACATCGCAAGGCGTA-1","hft_w20_p3_r1_AACATCGCAAGGCGTA.1","stage2"
"hft_w20_p3_r1_AACATCGTCATACTTC-1","hft_w20_p3_r1_AACATCGTCATACTTC.1","stage2"
"hft_w20_p3_r1_AACATCGTCCCGAAGC-1","hft_w20_p3_r1_AACATCGTCCCGAAGC.1","stage2"
"hft_w20_p3_r1_AACATCGTCTACTGCC-1","hft_w20_p3_r1_AACATCGTCTACTGCC.1","stage2"
"hft_w20_p3_r1_AACCAACTCAACTTGG-1","hft_w20_p3_r1_AACCAACTCAACTTGG.1","stage2"
"hft_w20_p3_r1_AACCAACTCACACGTA-1","hft_w20_p3_r1_AACCAACTCACACGTA.1","stage2"
"hft_w20_p3_r1_AACCGATAGAATACTG-1","hft_w20_p3_r1_AACCGATAGAATACTG.1","stage2"
"hft_w20_p3_r1_AACCGATCAGTCAGCC-1","hft_w20_p3_r1_AACCGATCAGTCAGCC.1","stage2"
"hft_w20_p3_r1_AACCGATGTAGGGTCA-1","hft_w20_p3_r1_AACCGATGTAGGGTCA.1","stage2"
"hft_w20_p3_r1_AACCGATGTCCGTCGA-1","hft_w20_p3_r1_AACCGATGTCCGTCGA.1","stage2"
"hft_w20_p3_r1_AACCGATGTGCAAAGC-1","hft_w20_p3_r1_AACCGATGTGCAAAGC.1","stage2"
"hft_w20_p3_r1_AACCTGAAGAACCCGA-1","hft_w20_p3_r1_AACCTGAAGAACCCGA.1","stage2"
"hft_w20_p3_r1_AACCTGACATCTCTCG-1","hft_w20_p3_r1_AACCTGACATCTCTCG.1","stage2"
"hft_w20_p3_r1_AACCTGAGTAGTAACA-1","hft_w20_p3_r1_AACCTGAGTAGTAACA.1","stage2"
"hft_w20_p3_r1_AACCTGAGTATTCGCA-1","hft_w20_p3_r1_AACCTGAGTATTCGCA.1","stage2"
"hft_w20_p3_r1_AACCTGAGTGGTCGAA-1","hft_w20_p3_r1_AACCTGAGTGGTCGAA.1","stage2"
"hft_w20_p3_r1_AACCTTTAGAGCCTGA-1","hft_w20_p3_r1_AACCTTTAGAGCCTGA.1","stage2"
"hft_w20_p3_r1_AACCTTTGTCTGATTG-1","hft_w20_p3_r1_AACCTTTGTCTGATTG.1","stage2"
"hft_w20_p3_r1_AACCTTTGTGAGGTCA-1","hft_w20_p3_r1_AACCTTTGTGAGGTCA.1","stage2"
"hft_w20_p3_r1_AACCTTTTCTTCACTA-1","hft_w20_p3_r1_AACCTTTTCTTCACTA.1","stage2"
"hft_w20_p3_r1_AACGAGGCATTACTCT-1","hft_w20_p3_r1_AACGAGGCATTACTCT.1","stage2"
"hft_w20_p3_r1_AACGAGGCATTTAGGC-1","hft_w20_p3_r1_AACGAGGCATTTAGGC.1","stage2"
"hft_w20_p3_r1_AACGAGGGTGCTTACA-1","hft_w20_p3_r1_AACGAGGGTGCTTACA.1","stage2"
"hft_w20_p3_r1_AACGAGGGTGGTACTT-1","hft_w20_p3_r1_AACGAGGGTGGTACTT.1","stage2"
"hft_w20_p3_r1_AACGAGGTCACTACCC-1","hft_w20_p3_r1_AACGAGGTCACTACCC.1","stage2"
"hft_w20_p3_r1_AACGGGACACTCGGAC-1","hft_w20_p3_r1_AACGGGACACTCGGAC.1","stage2"
"hft_w20_p3_r1_AACGGGACATGGTAAA-1","hft_w20_p3_r1_AACGGGACATGGTAAA.1","stage2"
"hft_w20_p3_r1_AACGGGAGTCTCTGCT-1","hft_w20_p3_r1_AACGGGAGTCTCTGCT.1","stage2"
"hft_w20_p3_r1_AACGGGAGTTAGGAGC-1","hft_w20_p3_r1_AACGGGAGTTAGGAGC.1","stage2"
"hft_w20_p3_r1_AACGGGAGTTGTGACT-1","hft_w20_p3_r1_AACGGGAGTTGTGACT.1","stage2"
"hft_w20_p3_r1_AACGGGATCTTACCTA-1","hft_w20_p3_r1_AACGGGATCTTACCTA.1","stage2"
"hft_w20_p3_r1_AACGTACAGTCCGTGC-1","hft_w20_p3_r1_AACGTACAGTCCGTGC.1","stage2"
"hft_w20_p3_r1_AACGTACAGTCGACCC-1","hft_w20_p3_r1_AACGTACAGTCGACCC.1","stage2"
"hft_w20_p3_r1_AACGTACCACTGCTTC-1","hft_w20_p3_r1_AACGTACCACTGCTTC.1","stage2"
"hft_w20_p3_r1_AACGTACCATGGTATC-1","hft_w20_p3_r1_AACGTACCATGGTATC.1","stage2"
"hft_w20_p3_r1_AACGTACCATTACTTC-1","hft_w20_p3_r1_AACGTACCATTACTTC.1","stage2"
"hft_w20_p3_r1_AACGTACTCAGCCGGT-1","hft_w20_p3_r1_AACGTACTCAGCCGGT.1","stage2"
"hft_w20_p3_r1_AACTGGTAGAACGCCA-1","hft_w20_p3_r1_AACTGGTAGAACGCCA.1","stage2"
"hft_w20_p3_r1_AACTGGTAGAGGTGGG-1","hft_w20_p3_r1_AACTGGTAGAGGTGGG.1","stage2"
"hft_w20_p3_r1_AACTGGTAGCTCGGCT-1","hft_w20_p3_r1_AACTGGTAGCTCGGCT.1","stage2"
"hft_w20_p3_r1_AACTGGTAGCTCGTTA-1","hft_w20_p3_r1_AACTGGTAGCTCGTTA.1","stage2"
"hft_w20_p3_r1_AACTGGTAGTCGTATC-1","hft_w20_p3_r1_AACTGGTAGTCGTATC.1","stage2"
"hft_w20_p3_r1_AACTGGTCACATATCG-1","hft_w20_p3_r1_AACTGGTCACATATCG.1","stage2"
"hft_w20_p3_r1_AACTGGTTCACAACAC-1","hft_w20_p3_r1_AACTGGTTCACAACAC.1","stage2"
"hft_w20_p3_r1_AACTGTGAGCCCATGC-1","hft_w20_p3_r1_AACTGTGAGCCCATGC.1","stage2"
"hft_w20_p3_r1_AACTGTGCAATTCTCT-1","hft_w20_p3_r1_AACTGTGCAATTCTCT.1","stage2"
"hft_w20_p3_r1_AACTGTGGTGCTTCCT-1","hft_w20_p3_r1_AACTGTGGTGCTTCCT.1","stage2"
"hft_w20_p3_r1_AACTGTGTCAGGTCTA-1","hft_w20_p3_r1_AACTGTGTCAGGTCTA.1","stage2"
"hft_w20_p3_r1_AACTGTGTCCTGTAGA-1","hft_w20_p3_r1_AACTGTGTCCTGTAGA.1","stage2"
"hft_w20_p3_r1_AACTTGGAGCGTAGCA-1","hft_w20_p3_r1_AACTTGGAGCGTAGCA.1","stage2"
"hft_w20_p3_r1_AACTTGGAGGATGTCG-1","hft_w20_p3_r1_AACTTGGAGGATGTCG.1","stage2"
"hft_w20_p3_r1_AACTTGGCAACTGCGC-1","hft_w20_p3_r1_AACTTGGCAACTGCGC.1","stage2"
"hft_w20_p3_r1_AACTTGGGTACTATGC-1","hft_w20_p3_r1_AACTTGGGTACTATGC.1","stage2"
"hft_w20_p3_r1_AACTTGGTCAGTCTTT-1","hft_w20_p3_r1_AACTTGGTCAGTCTTT.1","stage2"
"hft_w20_p3_r1_AAGATAGCACACGGTC-1","hft_w20_p3_r1_AAGATAGCACACGGTC.1","stage2"
"hft_w20_p3_r1_AAGATAGCACAGTAGG-1","hft_w20_p3_r1_AAGATAGCACAGTAGG.1","stage2"
"hft_w20_p3_r1_AAGATAGCATCCTCGT-1","hft_w20_p3_r1_AAGATAGCATCCTCGT.1","stage2"
"hft_w20_p3_r1_AAGATAGGTTCTTTCA-1","hft_w20_p3_r1_AAGATAGGTTCTTTCA.1","stage2"
"hft_w20_p3_r1_AAGATAGGTTGAAGCG-1","hft_w20_p3_r1_AAGATAGGTTGAAGCG.1","stage2"
"hft_w20_p3_r1_AAGATAGTCCGTCAAA-1","hft_w20_p3_r1_AAGATAGTCCGTCAAA.1","stage2"
"hft_w20_p3_r1_AAGGAGCAGAACGCCA-1","hft_w20_p3_r1_AAGGAGCAGAACGCCA.1","stage2"
"hft_w20_p3_r1_AAGGAGCAGGTACTCT-1","hft_w20_p3_r1_AAGGAGCAGGTACTCT.1","stage2"
"hft_w20_p3_r1_AAGGAGCCAGAACAGC-1","hft_w20_p3_r1_AAGGAGCCAGAACAGC.1","stage2"
"hft_w20_p3_r1_AAGGAGCCATATAGAG-1","hft_w20_p3_r1_AAGGAGCCATATAGAG.1","stage2"
"hft_w20_p3_r1_AAGGTTCAGTTATGAG-1","hft_w20_p3_r1_AAGGTTCAGTTATGAG.1","stage2"
"hft_w20_p3_r1_AAGGTTCGTGTGTGCC-1","hft_w20_p3_r1_AAGGTTCGTGTGTGCC.1","stage2"
"hft_w20_p3_r1_AAGGTTCTCGAGAACG-1","hft_w20_p3_r1_AAGGTTCTCGAGAACG.1","stage2"
"hft_w20_p3_r1_AAGGTTCTCGGTCGAC-1","hft_w20_p3_r1_AAGGTTCTCGGTCGAC.1","stage2"
"hft_w20_p3_r1_AATACGCAGGGTCTGA-1","hft_w20_p3_r1_AATACGCAGGGTCTGA.1","stage2"
"hft_w20_p3_r1_AATACGCAGTAGCAAT-1","hft_w20_p3_r1_AATACGCAGTAGCAAT.1","stage2"
"hft_w20_p3_r1_AATACGCGTCAACTAC-1","hft_w20_p3_r1_AATACGCGTCAACTAC.1","stage2"
"hft_w20_p3_r1_AATACGCGTGAGAGTC-1","hft_w20_p3_r1_AATACGCGTGAGAGTC.1","stage2"
"hft_w20_p3_r1_AATACGCGTTGGCTTA-1","hft_w20_p3_r1_AATACGCGTTGGCTTA.1","stage2"
"hft_w20_p3_r1_AATACGCTCGGTCAGC-1","hft_w20_p3_r1_AATACGCTCGGTCAGC.1","stage2"
"hft_w20_p3_r1_AATGCCAAGAAAGCAG-1","hft_w20_p3_r1_AATGCCAAGAAAGCAG.1","stage2"
"hft_w20_p3_r1_AATGCCAAGGATGCCA-1","hft_w20_p3_r1_AATGCCAAGGATGCCA.1","stage2"
"hft_w20_p3_r1_AATGCCAAGGCGCTTC-1","hft_w20_p3_r1_AATGCCAAGGCGCTTC.1","stage2"
"hft_w20_p3_r1_AATGCCAAGTACTCTG-1","hft_w20_p3_r1_AATGCCAAGTACTCTG.1","stage2"
"hft_w20_p3_r1_AATGCCACACCACAGC-1","hft_w20_p3_r1_AATGCCACACCACAGC.1","stage2"
"hft_w20_p3_r1_AATGCCACACCGTCTT-1","hft_w20_p3_r1_AATGCCACACCGTCTT.1","stage2"
"hft_w20_p3_r1_AATGCCACATGCCTTC-1","hft_w20_p3_r1_AATGCCACATGCCTTC.1","stage2"
"hft_w20_p3_r1_AATGGAAAGCTCCATA-1","hft_w20_p3_r1_AATGGAAAGCTCCATA.1","stage2"
"hft_w20_p3_r1_AATGGAAGTAATGCCT-1","hft_w20_p3_r1_AATGGAAGTAATGCCT.1","stage2"
"hft_w20_p3_r1_AATGGCTGTACAACGG-1","hft_w20_p3_r1_AATGGCTGTACAACGG.1","stage2"
"hft_w20_p3_r1_AATGGCTTCGTCCCAT-1","hft_w20_p3_r1_AATGGCTTCGTCCCAT.1","stage2"
"hft_w20_p3_r1_AATGTCGAGACGCCCT-1","hft_w20_p3_r1_AATGTCGAGACGCCCT.1","stage2"
"hft_w20_p3_r1_AATGTCGAGCTGCCAC-1","hft_w20_p3_r1_AATGTCGAGCTGCCAC.1","stage2"
"hft_w20_p3_r1_AATGTCGAGTAGTGTA-1","hft_w20_p3_r1_AATGTCGAGTAGTGTA.1","stage2"
"hft_w20_p3_r1_AATGTCGTCCATAGGT-1","hft_w20_p3_r1_AATGTCGTCCATAGGT.1","stage2"
"hft_w20_p3_r1_ACAAACCAGCAGAATT-1","hft_w20_p3_r1_ACAAACCAGCAGAATT.1","stage2"
"hft_w20_p3_r1_ACAAACCAGTTAGAGT-1","hft_w20_p3_r1_ACAAACCAGTTAGAGT.1","stage2"
"hft_w20_p3_r1_ACAAACCGTAATGCCT-1","hft_w20_p3_r1_ACAAACCGTAATGCCT.1","stage2"
"hft_w20_p3_r1_ACAAACCGTGAATGGC-1","hft_w20_p3_r1_ACAAACCGTGAATGGC.1","stage2"
"hft_w20_p3_r1_ACAAACCTCGCGCCAA-1","hft_w20_p3_r1_ACAAACCTCGCGCCAA.1","stage2"
"hft_w20_p3_r1_ACAAACCTCGTATAGC-1","hft_w20_p3_r1_ACAAACCTCGTATAGC.1","stage2"
"hft_w20_p3_r1_ACAAACCTCGTTCTAT-1","hft_w20_p3_r1_ACAAACCTCGTTCTAT.1","stage2"
"hft_w20_p3_r1_ACAAAGAAGAACTAAC-1","hft_w20_p3_r1_ACAAAGAAGAACTAAC.1","stage2"
"hft_w20_p3_r1_ACAAGCTAGAGCACTG-1","hft_w20_p3_r1_ACAAGCTAGAGCACTG.1","stage2"
"hft_w20_p3_r1_ACAAGCTAGGATGCCA-1","hft_w20_p3_r1_ACAAGCTAGGATGCCA.1","stage2"
"hft_w20_p3_r1_ACAAGCTCATCTGCAA-1","hft_w20_p3_r1_ACAAGCTCATCTGCAA.1","stage2"
"hft_w20_p3_r1_ACAAGCTTCAGTCAAC-1","hft_w20_p3_r1_ACAAGCTTCAGTCAAC.1","stage2"
"hft_w20_p3_r1_ACAATCGAGAGGTCCA-1","hft_w20_p3_r1_ACAATCGAGAGGTCCA.1","stage2"
"hft_w20_p3_r1_ACAATCGAGCACGTAG-1","hft_w20_p3_r1_ACAATCGAGCACGTAG.1","stage2"
"hft_w20_p3_r1_ACAATCGAGTACCTCA-1","hft_w20_p3_r1_ACAATCGAGTACCTCA.1","stage2"
"hft_w20_p3_r1_ACAATCGGTGAATGTA-1","hft_w20_p3_r1_ACAATCGGTGAATGTA.1","stage2"
"hft_w20_p3_r1_ACAATCGTCCAACAAC-1","hft_w20_p3_r1_ACAATCGTCCAACAAC.1","stage2"
"hft_w20_p3_r1_ACAGAAAGTACAAATG-1","hft_w20_p3_r1_ACAGAAAGTACAAATG.1","stage2"
"hft_w20_p3_r1_ACAGAAAGTGCGACCT-1","hft_w20_p3_r1_ACAGAAAGTGCGACCT.1","stage2"
"hft_w20_p3_r1_ACAGAAATCGGGATCC-1","hft_w20_p3_r1_ACAGAAATCGGGATCC.1","stage2"
"hft_w20_p3_r1_ACAGAAATCTTAACGG-1","hft_w20_p3_r1_ACAGAAATCTTAACGG.1","stage2"
"hft_w20_p3_r1_ACAGACTAGGACTTTC-1","hft_w20_p3_r1_ACAGACTAGGACTTTC.1","stage2"
"hft_w20_p3_r1_ACAGACTCAACAACTC-1","hft_w20_p3_r1_ACAGACTCAACAACTC.1","stage2"
"hft_w20_p3_r1_ACAGACTCACTGTCAA-1","hft_w20_p3_r1_ACAGACTCACTGTCAA.1","stage2"
"hft_w20_p3_r1_ACAGACTCAGATTTGC-1","hft_w20_p3_r1_ACAGACTCAGATTTGC.1","stage2"
"hft_w20_p3_r1_ACAGACTCAGTGCGAA-1","hft_w20_p3_r1_ACAGACTCAGTGCGAA.1","stage2"
"hft_w20_p3_r1_ACAGACTTCCATTGAG-1","hft_w20_p3_r1_ACAGACTTCCATTGAG.1","stage2"
"hft_w20_p3_r1_ACAGACTTCGGACGAA-1","hft_w20_p3_r1_ACAGACTTCGGACGAA.1","stage2"
"hft_w20_p3_r1_ACAGACTTCTCTTCCT-1","hft_w20_p3_r1_ACAGACTTCTCTTCCT.1","stage2"
"hft_w20_p3_r1_ACAGCGCAGAACGACC-1","hft_w20_p3_r1_ACAGCGCAGAACGACC.1","stage2"
"hft_w20_p3_r1_ACAGCGCAGCGAGCTA-1","hft_w20_p3_r1_ACAGCGCAGCGAGCTA.1","stage2"
"hft_w20_p3_r1_ACAGCGCAGCTCGTTA-1","hft_w20_p3_r1_ACAGCGCAGCTCGTTA.1","stage2"
"hft_w20_p3_r1_ACAGCGCAGGTCGGTA-1","hft_w20_p3_r1_ACAGCGCAGGTCGGTA.1","stage2"
"hft_w20_p3_r1_ACAGCGCCAAAGAAGG-1","hft_w20_p3_r1_ACAGCGCCAAAGAAGG.1","stage2"
"hft_w20_p3_r1_ACAGCGCCAAAGCATA-1","hft_w20_p3_r1_ACAGCGCCAAAGCATA.1","stage2"
"hft_w20_p3_r1_ACAGCGCTCACAAGCT-1","hft_w20_p3_r1_ACAGCGCTCACAAGCT.1","stage2"
"hft_w20_p3_r1_ACAGCGCTCGAGGTCC-1","hft_w20_p3_r1_ACAGCGCTCGAGGTCC.1","stage2"
"hft_w20_p3_r1_ACAGCGCTCGGATGTT-1","hft_w20_p3_r1_ACAGCGCTCGGATGTT.1","stage2"
"hft_w20_p3_r1_ACAGCGCTCTACATCT-1","hft_w20_p3_r1_ACAGCGCTCTACATCT.1","stage2"
"hft_w20_p3_r1_ACAGGCCGTATATGGA-1","hft_w20_p3_r1_ACAGGCCGTATATGGA.1","stage2"
"hft_w20_p3_r1_ACAGGCCGTGCTTGAT-1","hft_w20_p3_r1_ACAGGCCGTGCTTGAT.1","stage2"
"hft_w20_p3_r1_ACAGGCCTCACCCGGA-1","hft_w20_p3_r1_ACAGGCCTCACCCGGA.1","stage2"
"hft_w20_p3_r1_ACAGGCCTCAGCCGAC-1","hft_w20_p3_r1_ACAGGCCTCAGCCGAC.1","stage2"
"hft_w20_p3_r1_ACATGCAGTAGCGGTA-1","hft_w20_p3_r1_ACATGCAGTAGCGGTA.1","stage2"
"hft_w20_p3_r1_ACATGCAGTTACCACA-1","hft_w20_p3_r1_ACATGCAGTTACCACA.1","stage2"
"hft_w20_p3_r1_ACATGCATCGGTCTAA-1","hft_w20_p3_r1_ACATGCATCGGTCTAA.1","stage2"
"hft_w20_p3_r1_ACATGGTAGGCGCTTC-1","hft_w20_p3_r1_ACATGGTAGGCGCTTC.1","stage2"
"hft_w20_p3_r1_ACATGGTCAGTAACCT-1","hft_w20_p3_r1_ACATGGTCAGTAACCT.1","stage2"
"hft_w20_p3_r1_ACCAAACAGAAGGGCG-1","hft_w20_p3_r1_ACCAAACAGAAGGGCG.1","stage2"
"hft_w20_p3_r1_ACCAAACCAAATGCTC-1","hft_w20_p3_r1_ACCAAACCAAATGCTC.1","stage2"
"hft_w20_p3_r1_ACCAAACCAATGGTAA-1","hft_w20_p3_r1_ACCAAACCAATGGTAA.1","stage2"
"hft_w20_p3_r1_ACCAAACCAGAGTCGA-1","hft_w20_p3_r1_ACCAAACCAGAGTCGA.1","stage2"
"hft_w20_p3_r1_ACCAAACGTAAGGTCG-1","hft_w20_p3_r1_ACCAAACGTAAGGTCG.1","stage2"
"hft_w20_p3_r1_ACCAAACTCGTGGTAT-1","hft_w20_p3_r1_ACCAAACTCGTGGTAT.1","stage2"
"hft_w20_p3_r1_ACCAAACTCTCTTAAC-1","hft_w20_p3_r1_ACCAAACTCTCTTAAC.1","stage2"
"hft_w20_p3_r1_ACCATCCAGTCACGCC-1","hft_w20_p3_r1_ACCATCCAGTCACGCC.1","stage2"
"hft_w20_p3_r1_ACCCAAAAGGACTAGC-1","hft_w20_p3_r1_ACCCAAAAGGACTAGC.1","stage2"
"hft_w20_p3_r1_ACCCAAAAGGGAAATG-1","hft_w20_p3_r1_ACCCAAAAGGGAAATG.1","stage2"
"hft_w20_p3_r1_ACCCAAACACTGATAC-1","hft_w20_p3_r1_ACCCAAACACTGATAC.1","stage2"
"hft_w20_p3_r1_ACCCAAACATTTCACT-1","hft_w20_p3_r1_ACCCAAACATTTCACT.1","stage2"
"hft_w20_p3_r1_ACCCAAAGTTAGTAGA-1","hft_w20_p3_r1_ACCCAAAGTTAGTAGA.1","stage2"
"hft_w20_p3_r1_ACCCAAATCTATTGTC-1","hft_w20_p3_r1_ACCCAAATCTATTGTC.1","stage2"
"hft_w20_p3_r1_ACCGAATCACTGTCGG-1","hft_w20_p3_r1_ACCGAATCACTGTCGG.1","stage2"
"hft_w20_p3_r1_ACCGAATGTAGTTTGC-1","hft_w20_p3_r1_ACCGAATGTAGTTTGC.1","stage2"
"hft_w20_p3_r1_ACCGAATTCTGTCGTC-1","hft_w20_p3_r1_ACCGAATTCTGTCGTC.1","stage2"
"hft_w20_p3_r1_ACCGCAGAGAAACGCC-1","hft_w20_p3_r1_ACCGCAGAGAAACGCC.1","stage2"
"hft_w20_p3_r1_ACCGCAGAGCTTTCCC-1","hft_w20_p3_r1_ACCGCAGAGCTTTCCC.1","stage2"
"hft_w20_p3_r1_ACCGCAGAGGCTTAAA-1","hft_w20_p3_r1_ACCGCAGAGGCTTAAA.1","stage2"
"hft_w20_p3_r1_ACCGCAGAGTAACACA-1","hft_w20_p3_r1_ACCGCAGAGTAACACA.1","stage2"
"hft_w20_p3_r1_ACCGCAGCAATCAGGG-1","hft_w20_p3_r1_ACCGCAGCAATCAGGG.1","stage2"
"hft_w20_p3_r1_ACCGCAGCAGAACAGC-1","hft_w20_p3_r1_ACCGCAGCAGAACAGC.1","stage2"
"hft_w20_p3_r1_ACCGCAGCATCATAGC-1","hft_w20_p3_r1_ACCGCAGCATCATAGC.1","stage2"
"hft_w20_p3_r1_ACCGCAGCATGTATCG-1","hft_w20_p3_r1_ACCGCAGCATGTATCG.1","stage2"
"hft_w20_p3_r1_ACCGCAGGTCCCTAAA-1","hft_w20_p3_r1_ACCGCAGGTCCCTAAA.1","stage2"
"hft_w20_p3_r1_ACCGCAGTCAGCGGTC-1","hft_w20_p3_r1_ACCGCAGTCAGCGGTC.1","stage2"
"hft_w20_p3_r1_ACCGCAGTCTACTTTG-1","hft_w20_p3_r1_ACCGCAGTCTACTTTG.1","stage2"
"hft_w20_p3_r1_ACCGCAGTCTTCTTCC-1","hft_w20_p3_r1_ACCGCAGTCTTCTTCC.1","stage2"
"hft_w20_p3_r1_ACCGGGTCAAGGTTCT-1","hft_w20_p3_r1_ACCGGGTCAAGGTTCT.1","stage2"
"hft_w20_p3_r1_ACCGGGTCACAGAAGC-1","hft_w20_p3_r1_ACCGGGTCACAGAAGC.1","stage2"
"hft_w20_p3_r1_ACCGGGTCATTTGGTG-1","hft_w20_p3_r1_ACCGGGTCATTTGGTG.1","stage2"
"hft_w20_p3_r1_ACCGGGTTCCATCTAT-1","hft_w20_p3_r1_ACCGGGTTCCATCTAT.1","stage2"
"hft_w20_p3_r1_ACCGGGTTCCTATCAT-1","hft_w20_p3_r1_ACCGGGTTCCTATCAT.1","stage2"
"hft_w20_p3_r1_ACCGGGTTCGGACGAA-1","hft_w20_p3_r1_ACCGGGTTCGGACGAA.1","stage2"
"hft_w20_p3_r1_ACCTGCTAGAACCCGA-1","hft_w20_p3_r1_ACCTGCTAGAACCCGA.1","stage2"
"hft_w20_p3_r1_ACCTGCTAGTCTCTAG-1","hft_w20_p3_r1_ACCTGCTAGTCTCTAG.1","stage2"
"hft_w20_p3_r1_ACCTGCTAGTTCTCCC-1","hft_w20_p3_r1_ACCTGCTAGTTCTCCC.1","stage2"
"hft_w20_p3_r1_ACCTGCTTCCATACGA-1","hft_w20_p3_r1_ACCTGCTTCCATACGA.1","stage2"
"hft_w20_p3_r1_ACCTGCTTCGCCGAAC-1","hft_w20_p3_r1_ACCTGCTTCGCCGAAC.1","stage2"
"hft_w20_p3_r1_ACGGATTCAGTGCGAA-1","hft_w20_p3_r1_ACGGATTCAGTGCGAA.1","stage2"
"hft_w20_p3_r1_ACGGATTGTTGGACGA-1","hft_w20_p3_r1_ACGGATTGTTGGACGA.1","stage2"
"hft_w20_p3_r1_ACGGATTTCGGGACAA-1","hft_w20_p3_r1_ACGGATTTCGGGACAA.1","stage2"
"hft_w20_p3_r1_ACGTGGCAGATGTTGA-1","hft_w20_p3_r1_ACGTGGCAGATGTTGA.1","stage2"
"hft_w20_p3_r1_ACGTGGCCACGGTGTC-1","hft_w20_p3_r1_ACGTGGCCACGGTGTC.1","stage2"
"hft_w20_p3_r1_ACGTGGCCATACTGCA-1","hft_w20_p3_r1_ACGTGGCCATACTGCA.1","stage2"
"hft_w20_p3_r1_ACGTGGCGTTACGCTA-1","hft_w20_p3_r1_ACGTGGCGTTACGCTA.1","stage2"
"hft_w20_p3_r1_ACGTGGCGTTGTCGGC-1","hft_w20_p3_r1_ACGTGGCGTTGTCGGC.1","stage2"
"hft_w20_p3_r1_ACGTGGCTCCACCTAC-1","hft_w20_p3_r1_ACGTGGCTCCACCTAC.1","stage2"
"hft_w20_p3_r1_ACGTTAGAGGATGCCA-1","hft_w20_p3_r1_ACGTTAGAGGATGCCA.1","stage2"
"hft_w20_p3_r1_ACGTTAGCAATCATCG-1","hft_w20_p3_r1_ACGTTAGCAATCATCG.1","stage2"
"hft_w20_p3_r1_ACGTTAGCACGCCGAT-1","hft_w20_p3_r1_ACGTTAGCACGCCGAT.1","stage2"
"hft_w20_p3_r1_ACGTTAGCACTCCCAT-1","hft_w20_p3_r1_ACGTTAGCACTCCCAT.1","stage2"
"hft_w20_p3_r1_ACGTTAGGTCCTTATT-1","hft_w20_p3_r1_ACGTTAGGTCCTTATT.1","stage2"
"hft_w20_p3_r1_ACGTTAGGTCGTAGTT-1","hft_w20_p3_r1_ACGTTAGGTCGTAGTT.1","stage2"
"hft_w20_p3_r1_ACGTTAGGTTACCACA-1","hft_w20_p3_r1_ACGTTAGGTTACCACA.1","stage2"
"hft_w20_p3_r1_ACGTTAGTCTATGAGC-1","hft_w20_p3_r1_ACGTTAGTCTATGAGC.1","stage2"
"hft_w20_p3_r1_ACTAACGAGCCTTTGA-1","hft_w20_p3_r1_ACTAACGAGCCTTTGA.1","stage2"
"hft_w20_p3_r1_ACTAACGCACAGAAGC-1","hft_w20_p3_r1_ACTAACGCACAGAAGC.1","stage2"
"hft_w20_p3_r1_ACTAACGCATCCCGGA-1","hft_w20_p3_r1_ACTAACGCATCCCGGA.1","stage2"
"hft_w20_p3_r1_ACTAACGGTTCCCGGA-1","hft_w20_p3_r1_ACTAACGGTTCCCGGA.1","stage2"
"hft_w20_p3_r1_ACTAACGTCTCTGACC-1","hft_w20_p3_r1_ACTAACGTCTCTGACC.1","stage2"
"hft_w20_p3_r1_ACTACCCAGCAGAAAG-1","hft_w20_p3_r1_ACTACCCAGCAGAAAG.1","stage2"
"hft_w20_p3_r1_ACTACCCAGCGAGCTA-1","hft_w20_p3_r1_ACTACCCAGCGAGCTA.1","stage2"
"hft_w20_p3_r1_ACTACCCAGTATACGA-1","hft_w20_p3_r1_ACTACCCAGTATACGA.1","stage2"
"hft_w20_p3_r1_ACTACCCGTAGACGCA-1","hft_w20_p3_r1_ACTACCCGTAGACGCA.1","stage2"
"hft_w20_p3_r1_ACTACCCGTTACTACG-1","hft_w20_p3_r1_ACTACCCGTTACTACG.1","stage2"
"hft_w20_p3_r1_ACTACCCGTTTGTCTT-1","hft_w20_p3_r1_ACTACCCGTTTGTCTT.1","stage2"
"hft_w20_p3_r1_ACTACCCTCGCCGAAC-1","hft_w20_p3_r1_ACTACCCTCGCCGAAC.1","stage2"
"hft_w20_p3_r1_ACTACGAAGAGTCCGA-1","hft_w20_p3_r1_ACTACGAAGAGTCCGA.1","stage2"
"hft_w20_p3_r1_ACTACGACAGCCACGT-1","hft_w20_p3_r1_ACTACGACAGCCACGT.1","stage2"
"hft_w20_p3_r1_ACTACGACAGGAGCAT-1","hft_w20_p3_r1_ACTACGACAGGAGCAT.1","stage2"
"hft_w20_p3_r1_ACTACGAGTCAAATCC-1","hft_w20_p3_r1_ACTACGAGTCAAATCC.1","stage2"
"hft_w20_p3_r1_ACTACGAGTTGGAGGT-1","hft_w20_p3_r1_ACTACGAGTTGGAGGT.1","stage2"
"hft_w20_p3_r1_ACTACGATCCCAGTAA-1","hft_w20_p3_r1_ACTACGATCCCAGTAA.1","stage2"
"hft_w20_p3_r1_ACTAGGTGTTCCAATG-1","hft_w20_p3_r1_ACTAGGTGTTCCAATG.1","stage2"
"hft_w20_p3_r1_ACTAGGTTCGCTCTAC-1","hft_w20_p3_r1_ACTAGGTTCGCTCTAC.1","stage2"
"hft_w20_p3_r1_ACTATTCGTTAACCAC-1","hft_w20_p3_r1_ACTATTCGTTAACCAC.1","stage2"
"hft_w20_p3_r1_ACTATTCGTTACTTTC-1","hft_w20_p3_r1_ACTATTCGTTACTTTC.1","stage2"
"hft_w20_p3_r1_ACTATTCTCGAACCGC-1","hft_w20_p3_r1_ACTATTCTCGAACCGC.1","stage2"
"hft_w20_p3_r1_ACTCGGGGTAGTATCC-1","hft_w20_p3_r1_ACTCGGGGTAGTATCC.1","stage2"
"hft_w20_p3_r1_ACTGCAAGTCCGGTAC-1","hft_w20_p3_r1_ACTGCAAGTCCGGTAC.1","stage2"
"hft_w20_p3_r1_ACTGCAATCTCCCTTT-1","hft_w20_p3_r1_ACTGCAATCTCCCTTT.1","stage2"
"hft_w20_p3_r1_ACTGCGGCACGACGAA-1","hft_w20_p3_r1_ACTGCGGCACGACGAA.1","stage2"
"hft_w20_p3_r1_ACTGCGGGTCGAGGTA-1","hft_w20_p3_r1_ACTGCGGGTCGAGGTA.1","stage2"
"hft_w20_p3_r1_ACTGCGGGTTAGGAAT-1","hft_w20_p3_r1_ACTGCGGGTTAGGAAT.1","stage2"
"hft_w20_p3_r1_ACTGCGGGTTCCCTTG-1","hft_w20_p3_r1_ACTGCGGGTTCCCTTG.1","stage2"
"hft_w20_p3_r1_ACTGTCCCACTCGTGG-1","hft_w20_p3_r1_ACTGTCCCACTCGTGG.1","stage2"
"hft_w20_p3_r1_ACTGTCCCAGAACGAC-1","hft_w20_p3_r1_ACTGTCCCAGAACGAC.1","stage2"
"hft_w20_p3_r1_ACTTCCGCAGGTCCTG-1","hft_w20_p3_r1_ACTTCCGCAGGTCCTG.1","stage2"
"hft_w20_p3_r1_ACTTCCGCATCATCGA-1","hft_w20_p3_r1_ACTTCCGCATCATCGA.1","stage2"
"hft_w20_p3_r1_ACTTCCGGTCCGGTAC-1","hft_w20_p3_r1_ACTTCCGGTCCGGTAC.1","stage2"
"hft_w20_p3_r1_ACTTCCGGTTGGCTTA-1","hft_w20_p3_r1_ACTTCCGGTTGGCTTA.1","stage2"
"hft_w20_p3_r1_ACTTCCGTCGCCACTT-1","hft_w20_p3_r1_ACTTCCGTCGCCACTT.1","stage2"
"hft_w20_p3_r1_ACTTCCGTCTAGCAGT-1","hft_w20_p3_r1_ACTTCCGTCTAGCAGT.1","stage2"
"hft_w20_p3_r1_ACTTTCAAGCATTCCA-1","hft_w20_p3_r1_ACTTTCAAGCATTCCA.1","stage2"
"hft_w20_p3_r1_ACTTTCAAGGATGTCG-1","hft_w20_p3_r1_ACTTTCAAGGATGTCG.1","stage2"
"hft_w20_p3_r1_ACTTTCACAATGGCAG-1","hft_w20_p3_r1_ACTTTCACAATGGCAG.1","stage2"
"hft_w20_p3_r1_ACTTTCAGTCACAGTT-1","hft_w20_p3_r1_ACTTTCAGTCACAGTT.1","stage2"
"hft_w20_p3_r1_ACTTTCAGTCCTTATT-1","hft_w20_p3_r1_ACTTTCAGTCCTTATT.1","stage2"
"hft_w20_p3_r1_ACTTTCAGTGGCCTTG-1","hft_w20_p3_r1_ACTTTCAGTGGCCTTG.1","stage2"
"hft_w20_p3_r1_AGACAAAAGATATGAC-1","hft_w20_p3_r1_AGACAAAAGATATGAC.1","stage2"
"hft_w21_p5_r1_AGTGCCGGTTGGTAAA-1","hft_w21_p5_r1_AGTGCCGGTTGGTAAA.1","stage3"
"hft_w21_p5_r1_AGTGCGCAGAGTAAGG-1","hft_w21_p5_r1_AGTGCGCAGAGTAAGG.1","stage3"
"hft_w21_p5_r1_AGTGCGCAGGGTGTTG-1","hft_w21_p5_r1_AGTGCGCAGGGTGTTG.1","stage3"
"hft_w21_p5_r1_AGTGCGCCAATGACTC-1","hft_w21_p5_r1_AGTGCGCCAATGACTC.1","stage3"
"hft_w21_p5_r1_AGTGCGCCAGGGCTTC-1","hft_w21_p5_r1_AGTGCGCCAGGGCTTC.1","stage3"
"hft_w21_p5_r1_AGTGCGCCATGCACTA-1","hft_w21_p5_r1_AGTGCGCCATGCACTA.1","stage3"
"hft_w21_p5_r1_AGTGCGCGTATCAGCT-1","hft_w21_p5_r1_AGTGCGCGTATCAGCT.1","stage3"
"hft_w21_p5_r1_AGTGCGCTCACAACAC-1","hft_w21_p5_r1_AGTGCGCTCACAACAC.1","stage3"
"hft_w21_p5_r1_AGTGTACCAGGTAGGT-1","hft_w21_p5_r1_AGTGTACCAGGTAGGT.1","stage3"
"hft_w21_p5_r1_AGTGTACCAGGTCTGC-1","hft_w21_p5_r1_AGTGTACCAGGTCTGC.1","stage3"
"hft_w21_p5_r1_AGTGTACCAGTTGCAT-1","hft_w21_p5_r1_AGTGTACCAGTTGCAT.1","stage3"
"hft_w21_p5_r1_AGTGTACCATTAACGC-1","hft_w21_p5_r1_AGTGTACCATTAACGC.1","stage3"
"hft_w21_p5_r1_AGTGTACGTTACCACA-1","hft_w21_p5_r1_AGTGTACGTTACCACA.1","stage3"
"hft_w21_p5_r1_AGTGTACTCTTAAGCG-1","hft_w21_p5_r1_AGTGTACTCTTAAGCG.1","stage3"
"hft_w21_p5_r1_AGTTACGAGGGTATCG-1","hft_w21_p5_r1_AGTTACGAGGGTATCG.1","stage3"
"hft_w21_p5_r1_AGTTACGCAAGATTAG-1","hft_w21_p5_r1_AGTTACGCAAGATTAG.1","stage3"
"hft_w21_p5_r1_AGTTACGCACTGCTCT-1","hft_w21_p5_r1_AGTTACGCACTGCTCT.1","stage3"
"hft_w21_p5_r1_AGTTACGGTAAACGAT-1","hft_w21_p5_r1_AGTTACGGTAAACGAT.1","stage3"
"hft_w21_p5_r1_AGTTACGGTGCACTTA-1","hft_w21_p5_r1_AGTTACGGTGCACTTA.1","stage3"
"hft_w21_p5_r1_AGTTTGGAGCGTCTGC-1","hft_w21_p5_r1_AGTTTGGAGCGTCTGC.1","stage3"
"hft_w21_p5_r1_AGTTTGGAGTGCACAG-1","hft_w21_p5_r1_AGTTTGGAGTGCACAG.1","stage3"
"hft_w21_p5_r1_AGTTTGGCAAACGTTC-1","hft_w21_p5_r1_AGTTTGGCAAACGTTC.1","stage3"
"hft_w21_p5_r1_AGTTTGGCAACTCCCT-1","hft_w21_p5_r1_AGTTTGGCAACTCCCT.1","stage3"
"hft_w21_p5_r1_AGTTTGGGTATTCTTC-1","hft_w21_p5_r1_AGTTTGGGTATTCTTC.1","stage3"
"hft_w21_p5_r1_AGTTTGGGTCCGAGCT-1","hft_w21_p5_r1_AGTTTGGGTCCGAGCT.1","stage3"
"hft_w21_p5_r1_AGTTTGGGTCTGATTG-1","hft_w21_p5_r1_AGTTTGGGTCTGATTG.1","stage3"
"hft_w21_p5_r1_AGTTTGGTCCTTACGC-1","hft_w21_p5_r1_AGTTTGGTCCTTACGC.1","stage3"
"hft_w21_p5_r1_AGTTTGGTCGACTGGC-1","hft_w21_p5_r1_AGTTTGGTCGACTGGC.1","stage3"
"hft_w21_p5_r1_AGTTTGGTCTGGACAT-1","hft_w21_p5_r1_AGTTTGGTCTGGACAT.1","stage3"
"hft_w21_p5_r1_ATAGGCTAGAGCGAAA-1","hft_w21_p5_r1_ATAGGCTAGAGCGAAA.1","stage3"
"hft_w21_p5_r1_ATAGGCTAGTGCACAG-1","hft_w21_p5_r1_ATAGGCTAGTGCACAG.1","stage3"
"hft_w21_p5_r1_ATAGGCTCACAGCCAC-1","hft_w21_p5_r1_ATAGGCTCACAGCCAC.1","stage3"
"hft_w21_p5_r1_ATAGGCTCACCAAGGA-1","hft_w21_p5_r1_ATAGGCTCACCAAGGA.1","stage3"
"hft_w21_p5_r1_ATAGGCTCACCGAAAG-1","hft_w21_p5_r1_ATAGGCTCACCGAAAG.1","stage3"
"hft_w21_p5_r1_ATAGGCTGTTCTGAGT-1","hft_w21_p5_r1_ATAGGCTGTTCTGAGT.1","stage3"
"hft_w21_p5_r1_ATAGGCTTCAAGAGGC-1","hft_w21_p5_r1_ATAGGCTTCAAGAGGC.1","stage3"
"hft_w21_p5_r1_ATAGGCTTCTGGCACG-1","hft_w21_p5_r1_ATAGGCTTCTGGCACG.1","stage3"
"hft_w21_p5_r1_ATAGTCGAGGTCCTCG-1","hft_w21_p5_r1_ATAGTCGAGGTCCTCG.1","stage3"
"hft_w21_p5_r1_ATAGTCGAGTTACACC-1","hft_w21_p5_r1_ATAGTCGAGTTACACC.1","stage3"
"hft_w21_p5_r1_ATAGTCGCAAGCCCTG-1","hft_w21_p5_r1_ATAGTCGCAAGCCCTG.1","stage3"
"hft_w21_p5_r1_ATAGTCGCATACTGCA-1","hft_w21_p5_r1_ATAGTCGCATACTGCA.1","stage3"
"hft_w21_p5_r1_ATAGTCGGTGTGCTTA-1","hft_w21_p5_r1_ATAGTCGGTGTGCTTA.1","stage3"
"hft_w21_p5_r1_ATAGTCGGTTGCTTGA-1","hft_w21_p5_r1_ATAGTCGGTTGCTTGA.1","stage3"
"hft_w21_p5_r1_ATAGTCGTCACAACAC-1","hft_w21_p5_r1_ATAGTCGTCACAACAC.1","stage3"
"hft_w21_p5_r1_ATAGTCGTCATGAACC-1","hft_w21_p5_r1_ATAGTCGTCATGAACC.1","stage3"
"hft_w21_p5_r1_ATATTCCAGGCGACTA-1","hft_w21_p5_r1_ATATTCCAGGCGACTA.1","stage3"
"hft_w21_p5_r1_ATATTCCGTTGGTAAA-1","hft_w21_p5_r1_ATATTCCGTTGGTAAA.1","stage3"
"hft_w21_p5_r1_ATATTCCGTTTCACCC-1","hft_w21_p5_r1_ATATTCCGTTTCACCC.1","stage3"
"hft_w21_p5_r1_ATATTCCTCCCGATTC-1","hft_w21_p5_r1_ATATTCCTCCCGATTC.1","stage3"
"hft_w21_p5_r1_ATATTCCTCTCCAACC-1","hft_w21_p5_r1_ATATTCCTCTCCAACC.1","stage3"
"hft_w21_p5_r1_ATATTCCTCTCGGCGA-1","hft_w21_p5_r1_ATATTCCTCTCGGCGA.1","stage3"
"hft_w21_p5_r1_ATATTCCTCTTCCGTG-1","hft_w21_p5_r1_ATATTCCTCTTCCGTG.1","stage3"
"hft_w21_p5_r1_ATCCAGACAATCACTG-1","hft_w21_p5_r1_ATCCAGACAATCACTG.1","stage3"
"hft_w21_p5_r1_ATCCAGAGTAGGGTCA-1","hft_w21_p5_r1_ATCCAGAGTAGGGTCA.1","stage3"
"hft_w21_p5_r1_ATCCAGATCGATGTAC-1","hft_w21_p5_r1_ATCCAGATCGATGTAC.1","stage3"
"hft_w21_p5_r1_ATCCCTGAGGCGTAGT-1","hft_w21_p5_r1_ATCCCTGAGGCGTAGT.1","stage3"
"hft_w21_p5_r1_ATCCCTGAGGTGATGC-1","hft_w21_p5_r1_ATCCCTGAGGTGATGC.1","stage3"
"hft_w21_p5_r1_ATCCCTGTCAATCGTG-1","hft_w21_p5_r1_ATCCCTGTCAATCGTG.1","stage3"
"hft_w21_p5_r1_ATCCTCGAGAGCCACA-1","hft_w21_p5_r1_ATCCTCGAGAGCCACA.1","stage3"
"hft_w21_p5_r1_ATCCTCGCAAACGACG-1","hft_w21_p5_r1_ATCCTCGCAAACGACG.1","stage3"
"hft_w21_p5_r1_ATCCTCGGTCCCTTTG-1","hft_w21_p5_r1_ATCCTCGGTCCCTTTG.1","stage3"
"hft_w21_p5_r1_ATCCTCGGTGCCCGAT-1","hft_w21_p5_r1_ATCCTCGGTGCCCGAT.1","stage3"
"hft_w21_p5_r1_ATCCTGCAGTCTGCTA-1","hft_w21_p5_r1_ATCCTGCAGTCTGCTA.1","stage3"
"hft_w21_p5_r1_ATCCTGCCACCTGTGG-1","hft_w21_p5_r1_ATCCTGCCACCTGTGG.1","stage3"
"hft_w21_p5_r1_ATCCTGCCAGGATGTG-1","hft_w21_p5_r1_ATCCTGCCAGGATGTG.1","stage3"
"hft_w21_p5_r1_ATCCTGCGTACTTCGA-1","hft_w21_p5_r1_ATCCTGCGTACTTCGA.1","stage3"
"hft_w21_p5_r1_ATCCTGCGTCAGGCTC-1","hft_w21_p5_r1_ATCCTGCGTCAGGCTC.1","stage3"
"hft_w21_p5_r1_ATCCTGCGTCTAAGAA-1","hft_w21_p5_r1_ATCCTGCGTCTAAGAA.1","stage3"
"hft_w21_p5_r1_ATCCTGCGTGATAGAT-1","hft_w21_p5_r1_ATCCTGCGTGATAGAT.1","stage3"
"hft_w21_p5_r1_ATCCTGCTCCCAGCGA-1","hft_w21_p5_r1_ATCCTGCTCCCAGCGA.1","stage3"
"hft_w21_p5_r1_ATCCTGCTCCGGACTG-1","hft_w21_p5_r1_ATCCTGCTCCGGACTG.1","stage3"
"hft_w21_p5_r1_ATCGAGTAGGCTCAGA-1","hft_w21_p5_r1_ATCGAGTAGGCTCAGA.1","stage3"
"hft_w21_p5_r1_ATCGAGTCAAATGCTC-1","hft_w21_p5_r1_ATCGAGTCAAATGCTC.1","stage3"
"hft_w21_p5_r1_ATGCATGGTAGGTAAT-1","hft_w21_p5_r1_ATGCATGGTAGGTAAT.1","stage3"
"hft_w21_p5_r1_ATGGATCAGCCCATGC-1","hft_w21_p5_r1_ATGGATCAGCCCATGC.1","stage3"
"hft_w21_p5_r1_ATGGATCCAACGACAG-1","hft_w21_p5_r1_ATGGATCCAACGACAG.1","stage3"
"hft_w21_p5_r1_ATGGATCCACGAACGA-1","hft_w21_p5_r1_ATGGATCCACGAACGA.1","stage3"
"hft_w21_p5_r1_ATGGATCCACTCAAGT-1","hft_w21_p5_r1_ATGGATCCACTCAAGT.1","stage3"
"hft_w21_p5_r1_ATGGATCGTTTCCACC-1","hft_w21_p5_r1_ATGGATCGTTTCCACC.1","stage3"
"hft_w21_p5_r1_ATGGATCTCAAACCAC-1","hft_w21_p5_r1_ATGGATCTCAAACCAC.1","stage3"
"hft_w21_p5_r1_ATGGATCTCGGTGATT-1","hft_w21_p5_r1_ATGGATCTCGGTGATT.1","stage3"
"hft_w21_p5_r1_ATGTACGAGAACTCCT-1","hft_w21_p5_r1_ATGTACGAGAACTCCT.1","stage3"
"hft_w21_p5_r1_ATGTACGAGATGCGCA-1","hft_w21_p5_r1_ATGTACGAGATGCGCA.1","stage3"
"hft_w21_p5_r1_ATGTACGCAATTAGGA-1","hft_w21_p5_r1_ATGTACGCAATTAGGA.1","stage3"
"hft_w21_p5_r1_ATGTACGCACCATTCC-1","hft_w21_p5_r1_ATGTACGCACCATTCC.1","stage3"
"hft_w21_p5_r1_ATGTACGCAGTTACAC-1","hft_w21_p5_r1_ATGTACGCAGTTACAC.1","stage3"
"hft_w21_p5_r1_ATGTACGCATAGACGG-1","hft_w21_p5_r1_ATGTACGCATAGACGG.1","stage3"
"hft_w21_p5_r1_ATGTACGTCCTAAAGC-1","hft_w21_p5_r1_ATGTACGTCCTAAAGC.1","stage3"
"hft_w21_p5_r1_ATGTACGTCGTTCTAT-1","hft_w21_p5_r1_ATGTACGTCGTTCTAT.1","stage3"
"hft_w21_p5_r1_ATGTCGAAGAACAGGA-1","hft_w21_p5_r1_ATGTCGAAGAACAGGA.1","stage3"
"hft_w21_p5_r1_ATGTCGAAGACACAAT-1","hft_w21_p5_r1_ATGTCGAAGACACAAT.1","stage3"
"hft_w21_p5_r1_ATGTCGACAATGATGA-1","hft_w21_p5_r1_ATGTCGACAATGATGA.1","stage3"
"hft_w21_p5_r1_ATGTCGACACATATCG-1","hft_w21_p5_r1_ATGTCGACACATATCG.1","stage3"
"hft_w21_p5_r1_ATGTCGAGTCCTTCAC-1","hft_w21_p5_r1_ATGTCGAGTCCTTCAC.1","stage3"
"hft_w21_p5_r1_ATGTCGATCCGATGCG-1","hft_w21_p5_r1_ATGTCGATCCGATGCG.1","stage3"
"hft_w21_p5_r1_ATGTCGATCCGCTATC-1","hft_w21_p5_r1_ATGTCGATCCGCTATC.1","stage3"
"hft_w21_p5_r1_ATGTCTTCAATGGTAA-1","hft_w21_p5_r1_ATGTCTTCAATGGTAA.1","stage3"
"hft_w21_p5_r1_ATGTCTTGTACCAAGG-1","hft_w21_p5_r1_ATGTCTTGTACCAAGG.1","stage3"
"hft_w21_p5_r1_ATGTCTTGTGCAAGCA-1","hft_w21_p5_r1_ATGTCTTGTGCAAGCA.1","stage3"
"hft_w21_p5_r1_ATGTCTTTCCATCTAT-1","hft_w21_p5_r1_ATGTCTTTCCATCTAT.1","stage3"
"hft_w21_p5_r1_ATGTTTCAGACCATAA-1","hft_w21_p5_r1_ATGTTTCAGACCATAA.1","stage3"
"hft_w21_p5_r1_ATGTTTCAGAGAGTAG-1","hft_w21_p5_r1_ATGTTTCAGAGAGTAG.1","stage3"
"hft_w21_p5_r1_ATGTTTCGTACCAAGG-1","hft_w21_p5_r1_ATGTTTCGTACCAAGG.1","stage3"
"hft_w21_p5_r1_ATGTTTCTCTGTGTGA-1","hft_w21_p5_r1_ATGTTTCTCTGTGTGA.1","stage3"
"hft_w21_p5_r1_ATTACCTAGGGTGTTG-1","hft_w21_p5_r1_ATTACCTAGGGTGTTG.1","stage3"
"hft_w21_p5_r1_ATTACCTAGTCATACC-1","hft_w21_p5_r1_ATTACCTAGTCATACC.1","stage3"
"hft_w21_p5_r1_ATTACCTGTCAGGCTC-1","hft_w21_p5_r1_ATTACCTGTCAGGCTC.1","stage3"
"hft_w21_p5_r1_ATTACCTGTGACAAGC-1","hft_w21_p5_r1_ATTACCTGTGACAAGC.1","stage3"
"hft_w21_p5_r1_ATTACCTGTTAGGAGC-1","hft_w21_p5_r1_ATTACCTGTTAGGAGC.1","stage3"
"hft_w21_p5_r1_ATTACCTTCTCGCGTT-1","hft_w21_p5_r1_ATTACCTTCTCGCGTT.1","stage3"
"hft_w21_p5_r1_ATTACTCAGAGAATTC-1","hft_w21_p5_r1_ATTACTCAGAGAATTC.1","stage3"
"hft_w21_p5_r1_ATTACTCAGCCATTCA-1","hft_w21_p5_r1_ATTACTCAGCCATTCA.1","stage3"
"hft_w21_p5_r1_ATTACTCAGTCTCCAA-1","hft_w21_p5_r1_ATTACTCAGTCTCCAA.1","stage3"
"hft_w21_p5_r1_ATTACTCCACCACAGC-1","hft_w21_p5_r1_ATTACTCCACCACAGC.1","stage3"
"hft_w21_p5_r1_ATTACTCCACGCGACT-1","hft_w21_p5_r1_ATTACTCCACGCGACT.1","stage3"
"hft_w21_p5_r1_ATTACTCCAGATAAGT-1","hft_w21_p5_r1_ATTACTCCAGATAAGT.1","stage3"
"hft_w21_p5_r1_ATTACTCCATACCCGG-1","hft_w21_p5_r1_ATTACTCCATACCCGG.1","stage3"
"hft_w21_p5_r1_ATTACTCGTATCAGCT-1","hft_w21_p5_r1_ATTACTCGTATCAGCT.1","stage3"
"hft_w21_p5_r1_ATTACTCGTTGAAGCG-1","hft_w21_p5_r1_ATTACTCGTTGAAGCG.1","stage3"
"hft_w21_p5_r1_ATTACTCTCCGTGCGA-1","hft_w21_p5_r1_ATTACTCTCCGTGCGA.1","stage3"
"hft_w21_p5_r1_ATTCGTTAGAGCTGTG-1","hft_w21_p5_r1_ATTCGTTAGAGCTGTG.1","stage3"
"hft_w21_p5_r1_ATTCGTTAGGGTCTGA-1","hft_w21_p5_r1_ATTCGTTAGGGTCTGA.1","stage3"
"hft_w21_p5_r1_ATTCGTTAGTCGATAA-1","hft_w21_p5_r1_ATTCGTTAGTCGATAA.1","stage3"
"hft_w21_p5_r1_ATTCGTTCAACGCAAG-1","hft_w21_p5_r1_ATTCGTTCAACGCAAG.1","stage3"
"hft_w21_p5_r1_ATTCGTTCATTAACGC-1","hft_w21_p5_r1_ATTCGTTCATTAACGC.1","stage3"
"hft_w21_p5_r1_ATTCGTTGTTAGGCTT-1","hft_w21_p5_r1_ATTCGTTGTTAGGCTT.1","stage3"
"hft_w21_p5_r1_ATTCGTTTCCGGCGAT-1","hft_w21_p5_r1_ATTCGTTTCCGGCGAT.1","stage3"
"hft_w21_p5_r1_ATTGTCTAGAGCCACA-1","hft_w21_p5_r1_ATTGTCTAGAGCCACA.1","stage3"
"hft_w21_p5_r1_ATTGTCTAGTCCGGAA-1","hft_w21_p5_r1_ATTGTCTAGTCCGGAA.1","stage3"
"hft_w21_p5_r1_ATTGTCTCACAACGGA-1","hft_w21_p5_r1_ATTGTCTCACAACGGA.1","stage3"
"hft_w21_p5_r1_ATTGTCTCATCAGAAA-1","hft_w21_p5_r1_ATTGTCTCATCAGAAA.1","stage3"
"hft_w21_p5_r1_ATTGTCTTCAGGAAGC-1","hft_w21_p5_r1_ATTGTCTTCAGGAAGC.1","stage3"
"hft_w21_p5_r1_ATTGTCTTCGCGGCAT-1","hft_w21_p5_r1_ATTGTCTTCGCGGCAT.1","stage3"
"hft_w21_p5_r1_ATTGTCTTCTACCCGT-1","hft_w21_p5_r1_ATTGTCTTCTACCCGT.1","stage3"
"hft_w21_p5_r1_ATTGTGGAGGAGTACC-1","hft_w21_p5_r1_ATTGTGGAGGAGTACC.1","stage3"
"hft_w21_p5_r1_ATTGTGGCAAGGGAGG-1","hft_w21_p5_r1_ATTGTGGCAAGGGAGG.1","stage3"
"hft_w21_p5_r1_ATTGTGGTCAGATACC-1","hft_w21_p5_r1_ATTGTGGTCAGATACC.1","stage3"
"hft_w21_p5_r1_ATTTGTCAGATGCGCA-1","hft_w21_p5_r1_ATTTGTCAGATGCGCA.1","stage3"
"hft_w21_p5_r1_ATTTGTCAGGACCGAT-1","hft_w21_p5_r1_ATTTGTCAGGACCGAT.1","stage3"
"hft_w21_p5_r1_ATTTGTCCAAGCACTT-1","hft_w21_p5_r1_ATTTGTCCAAGCACTT.1","stage3"
"hft_w21_p5_r1_ATTTGTCCATGTCCCT-1","hft_w21_p5_r1_ATTTGTCCATGTCCCT.1","stage3"
"hft_w21_p5_r1_ATTTGTCGTAACCGAG-1","hft_w21_p5_r1_ATTTGTCGTAACCGAG.1","stage3"
"hft_w21_p5_r1_ATTTGTCGTATATGGA-1","hft_w21_p5_r1_ATTTGTCGTATATGGA.1","stage3"
"hft_w21_p5_r1_ATTTGTCGTGAATGGC-1","hft_w21_p5_r1_ATTTGTCGTGAATGGC.1","stage3"
"hft_w21_p5_r1_ATTTGTCGTGGACAGT-1","hft_w21_p5_r1_ATTTGTCGTGGACAGT.1","stage3"
"hft_w21_p5_r1_ATTTGTCGTTATGCAC-1","hft_w21_p5_r1_ATTTGTCGTTATGCAC.1","stage3"
"hft_w21_p5_r1_ATTTGTCTCCACGGCA-1","hft_w21_p5_r1_ATTTGTCTCCACGGCA.1","stage3"
"hft_w21_p5_r1_ATTTGTCTCCAGGCCA-1","hft_w21_p5_r1_ATTTGTCTCCAGGCCA.1","stage3"
"hft_w21_p5_r1_ATTTGTCTCTTCCAGC-1","hft_w21_p5_r1_ATTTGTCTCTTCCAGC.1","stage3"
"hft_w21_p5_r1_CAAAGCTCAGATTGTC-1","hft_w21_p5_r1_CAAAGCTCAGATTGTC.1","stage3"
"hft_w21_p5_r1_CAAAGCTGTGGTAGAC-1","hft_w21_p5_r1_CAAAGCTGTGGTAGAC.1","stage3"
"hft_w21_p5_r1_CAAAGCTGTTCCTATT-1","hft_w21_p5_r1_CAAAGCTGTTCCTATT.1","stage3"
"hft_w21_p5_r1_CAAAGCTGTTTCGATG-1","hft_w21_p5_r1_CAAAGCTGTTTCGATG.1","stage3"
"hft_w21_p5_r1_CAAAGCTTCCATTGAG-1","hft_w21_p5_r1_CAAAGCTTCCATTGAG.1","stage3"
"hft_w21_p5_r1_CAAAGCTTCGGGACAA-1","hft_w21_p5_r1_CAAAGCTTCGGGACAA.1","stage3"
"hft_w21_p5_r1_CAAAGCTTCGTCTTAT-1","hft_w21_p5_r1_CAAAGCTTCGTCTTAT.1","stage3"
"hft_w21_p5_r1_CAACCAACACTCGTGG-1","hft_w21_p5_r1_CAACCAACACTCGTGG.1","stage3"
"hft_w21_p5_r1_CAACCAAGTCGCTACG-1","hft_w21_p5_r1_CAACCAAGTCGCTACG.1","stage3"
"hft_w21_p5_r1_CAACCAAGTCGTAATC-1","hft_w21_p5_r1_CAACCAAGTCGTAATC.1","stage3"
"hft_w21_p5_r1_CAACCAAGTTCTGAAC-1","hft_w21_p5_r1_CAACCAAGTTCTGAAC.1","stage3"
"hft_w21_p5_r1_CAACGGCAGAACCCGA-1","hft_w21_p5_r1_CAACGGCAGAACCCGA.1","stage3"
"hft_w21_p5_r1_CAACGGCAGACGTCAG-1","hft_w21_p5_r1_CAACGGCAGACGTCAG.1","stage3"
"hft_w21_p5_r1_CAACGGCCAGAGTCGA-1","hft_w21_p5_r1_CAACGGCCAGAGTCGA.1","stage3"
"hft_w21_p5_r1_CAACGGCCAGGTGTGA-1","hft_w21_p5_r1_CAACGGCCAGGTGTGA.1","stage3"
"hft_w21_p5_r1_CAACGGCGTCCGGTAC-1","hft_w21_p5_r1_CAACGGCGTCCGGTAC.1","stage3"
"hft_w21_p5_r1_CAACGGCGTCCTATTT-1","hft_w21_p5_r1_CAACGGCGTCCTATTT.1","stage3"
"hft_w21_p5_r1_CAACGGCTCGGTCTCT-1","hft_w21_p5_r1_CAACGGCTCGGTCTCT.1","stage3"
"hft_w21_p5_r1_CAACGGCTCGGTTCCT-1","hft_w21_p5_r1_CAACGGCTCGGTTCCT.1","stage3"
"hft_w21_p5_r1_CAACGTAAGGCAGTAC-1","hft_w21_p5_r1_CAACGTAAGGCAGTAC.1","stage3"
"hft_w21_p5_r1_CAACGTAAGTCCCGCA-1","hft_w21_p5_r1_CAACGTAAGTCCCGCA.1","stage3"
"hft_w21_p5_r1_CAACGTAAGTGTTCCA-1","hft_w21_p5_r1_CAACGTAAGTGTTCCA.1","stage3"
"hft_w21_p5_r1_CAACGTACAATGGTAA-1","hft_w21_p5_r1_CAACGTACAATGGTAA.1","stage3"
"hft_w21_p5_r1_CAACGTAGTCGCGCTA-1","hft_w21_p5_r1_CAACGTAGTCGCGCTA.1","stage3"
"hft_w21_p5_r1_CAACGTAGTGATGCGA-1","hft_w21_p5_r1_CAACGTAGTGATGCGA.1","stage3"
"hft_w21_p5_r1_CAACGTATCATCGCAA-1","hft_w21_p5_r1_CAACGTATCATCGCAA.1","stage3"
"hft_w21_p5_r1_CAACGTATCCGAGAGA-1","hft_w21_p5_r1_CAACGTATCCGAGAGA.1","stage3"
"hft_w21_p5_r1_CAAGAAAAGCTGCCAC-1","hft_w21_p5_r1_CAAGAAAAGCTGCCAC.1","stage3"
"hft_w21_p5_r1_CAAGAAAAGTATCTGC-1","hft_w21_p5_r1_CAAGAAAAGTATCTGC.1","stage3"
"hft_w21_p5_r1_CAAGAAAAGTGAGTTA-1","hft_w21_p5_r1_CAAGAAAAGTGAGTTA.1","stage3"
"hft_w21_p5_r1_CAAGAAACACACACCG-1","hft_w21_p5_r1_CAAGAAACACACACCG.1","stage3"
"hft_w21_p5_r1_CAAGAAACACTCGTGG-1","hft_w21_p5_r1_CAAGAAACACTCGTGG.1","stage3"
"hft_w21_p5_r1_CAAGAAACAGGACCTC-1","hft_w21_p5_r1_CAAGAAACAGGACCTC.1","stage3"
"hft_w21_p5_r1_CAAGAAAGTAACCGAG-1","hft_w21_p5_r1_CAAGAAAGTAACCGAG.1","stage3"
"hft_w21_p5_r1_CAAGAAAGTACAAATG-1","hft_w21_p5_r1_CAAGAAAGTACAAATG.1","stage3"
"hft_w21_p5_r1_CAAGAAAGTCCAACCG-1","hft_w21_p5_r1_CAAGAAAGTCCAACCG.1","stage3"
"hft_w21_p5_r1_CAAGAAATCGGATGTT-1","hft_w21_p5_r1_CAAGAAATCGGATGTT.1","stage3"
"hft_w21_p5_r1_CAAGAAATCGGTAGGA-1","hft_w21_p5_r1_CAAGAAATCGGTAGGA.1","stage3"
"hft_w21_p5_r1_CAAGCTAAGCCGCAAA-1","hft_w21_p5_r1_CAAGCTAAGCCGCAAA.1","stage3"
"hft_w21_p5_r1_CAAGCTAAGGTCCTCG-1","hft_w21_p5_r1_CAAGCTAAGGTCCTCG.1","stage3"
"hft_w21_p5_r1_CAAGCTAGTGGACAGT-1","hft_w21_p5_r1_CAAGCTAGTGGACAGT.1","stage3"
"hft_w21_p5_r1_CAAGGCCCAAGTTGCT-1","hft_w21_p5_r1_CAAGGCCCAAGTTGCT.1","stage3"
"hft_w21_p5_r1_CAAGGCCCAGGATAGC-1","hft_w21_p5_r1_CAAGGCCCAGGATAGC.1","stage3"
"hft_w21_p5_r1_CAAGGCCGTTGCTTGA-1","hft_w21_p5_r1_CAAGGCCGTTGCTTGA.1","stage3"
"hft_w21_p5_r1_CAAGGCCGTTTGCATG-1","hft_w21_p5_r1_CAAGGCCGTTTGCATG.1","stage3"
"hft_w21_p5_r1_CAAGGCCTCAGGCGCT-1","hft_w21_p5_r1_CAAGGCCTCAGGCGCT.1","stage3"
"hft_w21_p5_r1_CAAGGCCTCCATATCT-1","hft_w21_p5_r1_CAAGGCCTCCATATCT.1","stage3"
"hft_w21_p5_r1_CAAGGCCTCGCTATAG-1","hft_w21_p5_r1_CAAGGCCTCGCTATAG.1","stage3"
"hft_w21_p5_r1_CAATCCCAGAGGCCTA-1","hft_w21_p5_r1_CAATCCCAGAGGCCTA.1","stage3"
"hft_w21_p5_r1_CAATCCCCAATGAAAC-1","hft_w21_p5_r1_CAATCCCCAATGAAAC.1","stage3"
"hft_w21_p5_r1_CAATCCCGTAGCTGTT-1","hft_w21_p5_r1_CAATCCCGTAGCTGTT.1","stage3"
"hft_w21_p5_r1_CAATCCCGTGAGTAAT-1","hft_w21_p5_r1_CAATCCCGTGAGTAAT.1","stage3"
"hft_w21_p5_r1_CAATCCCGTGCTTTGA-1","hft_w21_p5_r1_CAATCCCGTGCTTTGA.1","stage3"
"hft_w21_p5_r1_CAATCCCGTGGCCTCA-1","hft_w21_p5_r1_CAATCCCGTGGCCTCA.1","stage3"
"hft_w21_p5_r1_CAATCCCGTGGTAGAC-1","hft_w21_p5_r1_CAATCCCGTGGTAGAC.1","stage3"
"hft_w21_p5_r1_CAATCCCTCAGTGTGT-1","hft_w21_p5_r1_CAATCCCTCAGTGTGT.1","stage3"
"hft_w21_p5_r1_CAATCCCTCGCGTGAC-1","hft_w21_p5_r1_CAATCCCTCGCGTGAC.1","stage3"
"hft_w21_p5_r1_CAATCCCTCGGCATAT-1","hft_w21_p5_r1_CAATCCCTCGGCATAT.1","stage3"
"hft_w21_p5_r1_CACAACAAGTTAGAGT-1","hft_w21_p5_r1_CACAACAAGTTAGAGT.1","stage3"
"hft_w21_p5_r1_CACAACACAAGCGTCC-1","hft_w21_p5_r1_CACAACACAAGCGTCC.1","stage3"
"hft_w21_p5_r1_CACAACACAGCAACAG-1","hft_w21_p5_r1_CACAACACAGCAACAG.1","stage3"
"hft_w21_p5_r1_CACAACACATCACAAC-1","hft_w21_p5_r1_CACAACACATCACAAC.1","stage3"
"hft_w21_p5_r1_CACAACAGTCCGTAGC-1","hft_w21_p5_r1_CACAACAGTCCGTAGC.1","stage3"
"hft_w21_p5_r1_CACAACATCTGTGTGA-1","hft_w21_p5_r1_CACAACATCTGTGTGA.1","stage3"
"hft_w21_p5_r1_CACAGATAGACACGGT-1","hft_w21_p5_r1_CACAGATAGACACGGT.1","stage3"
"hft_w21_p5_r1_CACAGATAGCGTTAGG-1","hft_w21_p5_r1_CACAGATAGCGTTAGG.1","stage3"
"hft_w21_p5_r1_CACAGATAGGCAGATC-1","hft_w21_p5_r1_CACAGATAGGCAGATC.1","stage3"
"hft_w21_p5_r1_CACAGATCAACGGACA-1","hft_w21_p5_r1_CACAGATCAACGGACA.1","stage3"
"hft_w21_p5_r1_CACAGATCATCCCGGA-1","hft_w21_p5_r1_CACAGATCATCCCGGA.1","stage3"
"hft_w21_p5_r1_CACAGATGTACGAGAC-1","hft_w21_p5_r1_CACAGATGTACGAGAC.1","stage3"
"hft_w21_p5_r1_CACATGAAGTCATACC-1","hft_w21_p5_r1_CACATGAAGTCATACC.1","stage3"
"hft_w21_p5_r1_CACATGAAGTTACCAC-1","hft_w21_p5_r1_CACATGAAGTTACCAC.1","stage3"
"hft_w21_p5_r1_CACATGAAGTTAGAGT-1","hft_w21_p5_r1_CACATGAAGTTAGAGT.1","stage3"
"hft_w21_p5_r1_CACATGAGTTAGCTCA-1","hft_w21_p5_r1_CACATGAGTTAGCTCA.1","stage3"
"hft_w21_p5_r1_CACATGAGTTGGGAAC-1","hft_w21_p5_r1_CACATGAGTTGGGAAC.1","stage3"
"hft_w21_p5_r1_CACCACTAGAATATCG-1","hft_w21_p5_r1_CACCACTAGAATATCG.1","stage3"
"hft_w21_p5_r1_CACCACTAGACCAATA-1","hft_w21_p5_r1_CACCACTAGACCAATA.1","stage3"
"hft_w21_p5_r1_CACCACTAGAGCCTGA-1","hft_w21_p5_r1_CACCACTAGAGCCTGA.1","stage3"
"hft_w21_p5_r1_CACCACTAGGTCGGTA-1","hft_w21_p5_r1_CACCACTAGGTCGGTA.1","stage3"
"hft_w21_p5_r1_CACCACTCACTGATAC-1","hft_w21_p5_r1_CACCACTCACTGATAC.1","stage3"
"hft_w21_p5_r1_CACCACTTCCACACCT-1","hft_w21_p5_r1_CACCACTTCCACACCT.1","stage3"
"hft_w21_p5_r1_CACCACTTCCATCTAT-1","hft_w21_p5_r1_CACCACTTCCATCTAT.1","stage3"
"hft_w21_p5_r1_CACCACTTCTATCTCA-1","hft_w21_p5_r1_CACCACTTCTATCTCA.1","stage3"
"hft_w21_p5_r1_CACCTGTAGCTCGTTA-1","hft_w21_p5_r1_CACCTGTAGCTCGTTA.1","stage3"
"hft_w21_p5_r1_CACCTGTCAAGCAATA-1","hft_w21_p5_r1_CACCTGTCAAGCAATA.1","stage3"
"hft_w21_p5_r1_CACCTGTCACGCCGAT-1","hft_w21_p5_r1_CACCTGTCACGCCGAT.1","stage3"
"hft_w21_p5_r1_CACCTGTCATAGCCGC-1","hft_w21_p5_r1_CACCTGTCATAGCCGC.1","stage3"
"hft_w21_p5_r1_CACCTGTCATGTGAGG-1","hft_w21_p5_r1_CACCTGTCATGTGAGG.1","stage3"
"hft_w21_p5_r1_CACCTGTGTTAGCTCA-1","hft_w21_p5_r1_CACCTGTGTTAGCTCA.1","stage3"
"hft_w21_p5_r1_CACCTGTTCGAGTGTT-1","hft_w21_p5_r1_CACCTGTTCGAGTGTT.1","stage3"
"hft_w21_p5_r1_CACCTTGAGACTTGAA-1","hft_w21_p5_r1_CACCTTGAGACTTGAA.1","stage3"
"hft_w21_p5_r1_CACCTTGCATCAACTG-1","hft_w21_p5_r1_CACCTTGCATCAACTG.1","stage3"
"hft_w21_p5_r1_CACCTTGGTACCAAGG-1","hft_w21_p5_r1_CACCTTGGTACCAAGG.1","stage3"
"hft_w21_p5_r1_CACCTTGGTACGCCCA-1","hft_w21_p5_r1_CACCTTGGTACGCCCA.1","stage3"
"hft_w21_p5_r1_CACCTTGTCCGCCTAT-1","hft_w21_p5_r1_CACCTTGTCCGCCTAT.1","stage3"
"hft_w21_p5_r1_CACCTTGTCTCTGCGT-1","hft_w21_p5_r1_CACCTTGTCTCTGCGT.1","stage3"
"hft_w21_p5_r1_CACGTTCAGACACTTC-1","hft_w21_p5_r1_CACGTTCAGACACTTC.1","stage3"
"hft_w21_p5_r1_CACGTTCAGAGACTCG-1","hft_w21_p5_r1_CACGTTCAGAGACTCG.1","stage3"
"hft_w21_p5_r1_CACGTTCAGAGTGGTC-1","hft_w21_p5_r1_CACGTTCAGAGTGGTC.1","stage3"
"hft_w21_p5_r1_CACGTTCCATCGTACA-1","hft_w21_p5_r1_CACGTTCCATCGTACA.1","stage3"
"hft_w21_p5_r1_CACGTTCTCGATAGGG-1","hft_w21_p5_r1_CACGTTCTCGATAGGG.1","stage3"
"hft_w21_p5_r1_CACGTTCTCTCCTTAA-1","hft_w21_p5_r1_CACGTTCTCTCCTTAA.1","stage3"
"hft_w21_p5_r1_CACTAAGAGGCTCCTG-1","hft_w21_p5_r1_CACTAAGAGGCTCCTG.1","stage3"
"hft_w21_p5_r1_CACTAAGAGTGCCCTG-1","hft_w21_p5_r1_CACTAAGAGTGCCCTG.1","stage3"
"hft_w21_p5_r1_CACTAAGCAATAGTGA-1","hft_w21_p5_r1_CACTAAGCAATAGTGA.1","stage3"
"hft_w21_p5_r1_CACTAAGGTACCAAGG-1","hft_w21_p5_r1_CACTAAGGTACCAAGG.1","stage3"
"hft_w21_p5_r1_CACTAAGGTCAGAAGC-1","hft_w21_p5_r1_CACTAAGGTCAGAAGC.1","stage3"
"hft_w21_p5_r1_CACTAAGGTCCCGAGT-1","hft_w21_p5_r1_CACTAAGGTCCCGAGT.1","stage3"
"hft_w21_p5_r1_CACTAAGGTTTGCATG-1","hft_w21_p5_r1_CACTAAGGTTTGCATG.1","stage3"
"hft_w21_p5_r1_CACTAAGTCGATATGC-1","hft_w21_p5_r1_CACTAAGTCGATATGC.1","stage3"
"hft_w21_p5_r1_CACTGAAAGGGAAATG-1","hft_w21_p5_r1_CACTGAAAGGGAAATG.1","stage3"
"hft_w21_p5_r1_CACTGAACACCACCAG-1","hft_w21_p5_r1_CACTGAACACCACCAG.1","stage3"
"hft_w21_p5_r1_CACTGAACATAGTCCA-1","hft_w21_p5_r1_CACTGAACATAGTCCA.1","stage3"
"hft_w21_p5_r1_CACTGAATCTTCGTTA-1","hft_w21_p5_r1_CACTGAATCTTCGTTA.1","stage3"
"hft_w21_p5_r1_CAGCCTTAGACTAGCG-1","hft_w21_p5_r1_CAGCCTTAGACTAGCG.1","stage3"
"hft_w21_p5_r1_CAGCCTTAGATAGGTT-1","hft_w21_p5_r1_CAGCCTTAGATAGGTT.1","stage3"
"hft_w21_p5_r1_CAGCCTTAGTAGACCG-1","hft_w21_p5_r1_CAGCCTTAGTAGACCG.1","stage3"
"hft_w21_p5_r1_CAGCCTTAGTCGCCTG-1","hft_w21_p5_r1_CAGCCTTAGTCGCCTG.1","stage3"
"hft_w21_p5_r1_CAGCCTTAGTTAGCGG-1","hft_w21_p5_r1_CAGCCTTAGTTAGCGG.1","stage3"
"hft_w21_p5_r1_CAGCCTTCAGGTTATC-1","hft_w21_p5_r1_CAGCCTTCAGGTTATC.1","stage3"
"hft_w21_p5_r1_CAGCCTTCATCAGCTA-1","hft_w21_p5_r1_CAGCCTTCATCAGCTA.1","stage3"
"hft_w21_p5_r1_CAGCCTTCATGGGTGA-1","hft_w21_p5_r1_CAGCCTTCATGGGTGA.1","stage3"
"hft_w21_p5_r1_CAGCCTTGTATCCTTT-1","hft_w21_p5_r1_CAGCCTTGTATCCTTT.1","stage3"
"hft_w21_p5_r1_CAGCCTTTCAGTACAC-1","hft_w21_p5_r1_CAGCCTTTCAGTACAC.1","stage3"
"hft_w21_p5_r1_CAGCCTTTCGGATCGC-1","hft_w21_p5_r1_CAGCCTTTCGGATCGC.1","stage3"
"hft_w21_p5_r1_CAGCCTTTCGTCCCAT-1","hft_w21_p5_r1_CAGCCTTTCGTCCCAT.1","stage3"
"hft_w21_p5_r1_CAGCCTTTCTTAACGG-1","hft_w21_p5_r1_CAGCCTTTCTTAACGG.1","stage3"
"hft_w21_p5_r1_CAGCTAAAGGATCCTT-1","hft_w21_p5_r1_CAGCTAAAGGATCCTT.1","stage3"
"hft_w21_p5_r1_CAGCTAAAGTGCCCTG-1","hft_w21_p5_r1_CAGCTAAAGTGCCCTG.1","stage3"
"hft_w21_p5_r1_CAGCTAAGTGACCAGA-1","hft_w21_p5_r1_CAGCTAAGTGACCAGA.1","stage3"
"hft_w21_p5_r1_CAGCTAAGTGCGTTTA-1","hft_w21_p5_r1_CAGCTAAGTGCGTTTA.1","stage3"
"hft_w21_p5_r1_CAGCTAAGTGTGACCC-1","hft_w21_p5_r1_CAGCTAAGTGTGACCC.1","stage3"
"hft_w21_p5_r1_CAGCTAAGTGTTTCTT-1","hft_w21_p5_r1_CAGCTAAGTGTTTCTT.1","stage3"
"hft_w21_p5_r1_CAGCTAATCACCACAA-1","hft_w21_p5_r1_CAGCTAATCACCACAA.1","stage3"
"hft_w21_p5_r1_CAGCTAATCCCGATTC-1","hft_w21_p5_r1_CAGCTAATCCCGATTC.1","stage3"
"hft_w21_p5_r1_CAGCTGGAGACCCATT-1","hft_w21_p5_r1_CAGCTGGAGACCCATT.1","stage3"
"hft_w21_p5_r1_CAGCTGGAGCCTCGCA-1","hft_w21_p5_r1_CAGCTGGAGCCTCGCA.1","stage3"
"hft_w21_p5_r1_CAGCTGGCAGTAGGCA-1","hft_w21_p5_r1_CAGCTGGCAGTAGGCA.1","stage3"
"hft_w21_p5_r1_CAGCTGGGTACGGATG-1","hft_w21_p5_r1_CAGCTGGGTACGGATG.1","stage3"
"hft_w21_p5_r1_CAGCTGGTCGCGCTGA-1","hft_w21_p5_r1_CAGCTGGTCGCGCTGA.1","stage3"
"hft_w21_p5_r1_CAGCTGGTCGGTTGTA-1","hft_w21_p5_r1_CAGCTGGTCGGTTGTA.1","stage3"
"hft_w21_p5_r1_CAGGATTCATGCGCTG-1","hft_w21_p5_r1_CAGGATTCATGCGCTG.1","stage3"
"hft_w21_p5_r1_CAGGATTGTAAACCCT-1","hft_w21_p5_r1_CAGGATTGTAAACCCT.1","stage3"
"hft_w21_p5_r1_CAGGATTGTGAATCAA-1","hft_w21_p5_r1_CAGGATTGTGAATCAA.1","stage3"
"hft_w21_p5_r1_CAGGATTGTTCCAATG-1","hft_w21_p5_r1_CAGGATTGTTCCAATG.1","stage3"
"hft_w21_p5_r1_CAGGATTTCAAACCAC-1","hft_w21_p5_r1_CAGGATTTCAAACCAC.1","stage3"
"hft_w21_p5_r1_CAGGGCTAGAATATCG-1","hft_w21_p5_r1_CAGGGCTAGAATATCG.1","stage3"
"hft_w21_p5_r1_CAGGGCTAGAGGAATG-1","hft_w21_p5_r1_CAGGGCTAGAGGAATG.1","stage3"
"hft_w21_p5_r1_CAGGGCTGTCAGAAGC-1","hft_w21_p5_r1_CAGGGCTGTCAGAAGC.1","stage3"
"hft_w21_p5_r1_CAGGGCTGTGCTGTGC-1","hft_w21_p5_r1_CAGGGCTGTGCTGTGC.1","stage3"
"hft_w21_p5_r1_CAGGGCTGTGGAGTGT-1","hft_w21_p5_r1_CAGGGCTGTGGAGTGT.1","stage3"
"hft_w24_p6_r2_CTCAGCTTCTGGCACG-1","hft_w24_p6_r2_CTCAGCTTCTGGCACG.1","stage4"
"hft_w24_p6_r2_CTCATGCAGGATTAAC-1","hft_w24_p6_r2_CTCATGCAGGATTAAC.1","stage4"
"hft_w24_p6_r2_CTCATGCCATTGCCTC-1","hft_w24_p6_r2_CTCATGCCATTGCCTC.1","stage4"
"hft_w24_p6_r2_CTCATGCGTACAAGCG-1","hft_w24_p6_r2_CTCATGCGTACAAGCG.1","stage4"
"hft_w24_p6_r2_CTCATGCTCGTTCCGT-1","hft_w24_p6_r2_CTCATGCTCGTTCCGT.1","stage4"
"hft_w24_p6_r2_CTCCCAAAGATGGCAC-1","hft_w24_p6_r2_CTCCCAAAGATGGCAC.1","stage4"
"hft_w24_p6_r2_CTCCCAACAACTCGAT-1","hft_w24_p6_r2_CTCCCAACAACTCGAT.1","stage4"
"hft_w24_p6_r2_CTCCCAAGTACGAGAC-1","hft_w24_p6_r2_CTCCCAAGTACGAGAC.1","stage4"
"hft_w24_p6_r2_CTCGCTAAGACGTCAG-1","hft_w24_p6_r2_CTCGCTAAGACGTCAG.1","stage4"
"hft_w24_p6_r2_CTCGCTAAGTGTCGGA-1","hft_w24_p6_r2_CTCGCTAAGTGTCGGA.1","stage4"
"hft_w24_p6_r2_CTCGCTAGTAGCCATT-1","hft_w24_p6_r2_CTCGCTAGTAGCCATT.1","stage4"
"hft_w24_p6_r2_CTCTACGAGTAGGAAG-1","hft_w24_p6_r2_CTCTACGAGTAGGAAG.1","stage4"
"hft_w24_p6_r2_CTCTAGCCATTACCTT-1","hft_w24_p6_r2_CTCTAGCCATTACCTT.1","stage4"
"hft_w24_p6_r2_CTCTAGCGTCCAGACC-1","hft_w24_p6_r2_CTCTAGCGTCCAGACC.1","stage4"
"hft_w24_p6_r2_CTCTAGCGTCCCGAGT-1","hft_w24_p6_r2_CTCTAGCGTCCCGAGT.1","stage4"
"hft_w24_p6_r2_CTCTCGAAGTACGCGA-1","hft_w24_p6_r2_CTCTCGAAGTACGCGA.1","stage4"
"hft_w24_p6_r2_CTCTCGAAGTCTTAGC-1","hft_w24_p6_r2_CTCTCGAAGTCTTAGC.1","stage4"
"hft_w24_p6_r2_CTCTCGAGTCTGGGCT-1","hft_w24_p6_r2_CTCTCGAGTCTGGGCT.1","stage4"
"hft_w24_p6_r2_CTCTCGATCAGGGTTT-1","hft_w24_p6_r2_CTCTCGATCAGGGTTT.1","stage4"
"hft_w24_p6_r2_CTCTCGATCGGGAAAC-1","hft_w24_p6_r2_CTCTCGATCGGGAAAC.1","stage4"
"hft_w24_p6_r2_CTCTCGATCGGTAGGA-1","hft_w24_p6_r2_CTCTCGATCGGTAGGA.1","stage4"
"hft_w24_p6_r2_CTCTCGATCTTCCACG-1","hft_w24_p6_r2_CTCTCGATCTTCCACG.1","stage4"
"hft_w24_p6_r2_CTGAATGAGGTGTCGA-1","hft_w24_p6_r2_CTGAATGAGGTGTCGA.1","stage4"
"hft_w24_p6_r2_CTGAATGGTGCTTACA-1","hft_w24_p6_r2_CTGAATGGTGCTTACA.1","stage4"
"hft_w24_p6_r2_CTGAATGTCTCCACTG-1","hft_w24_p6_r2_CTGAATGTCTCCACTG.1","stage4"
"hft_w24_p6_r2_CTGAATGTCTCGGCGA-1","hft_w24_p6_r2_CTGAATGTCTCGGCGA.1","stage4"
"hft_w24_p6_r2_CTGCGTTAGGCGCTTC-1","hft_w24_p6_r2_CTGCGTTAGGCGCTTC.1","stage4"
"hft_w24_p6_r2_CTGCTCAAGAGTTTGA-1","hft_w24_p6_r2_CTGCTCAAGAGTTTGA.1","stage4"
"hft_w24_p6_r2_CTGCTCAAGTGCAACG-1","hft_w24_p6_r2_CTGCTCAAGTGCAACG.1","stage4"
"hft_w24_p6_r2_CTGCTCACAGTAAGAT-1","hft_w24_p6_r2_CTGCTCACAGTAAGAT.1","stage4"
"hft_w24_p6_r2_CTGCTCATCTCGTAGA-1","hft_w24_p6_r2_CTGCTCATCTCGTAGA.1","stage4"
"hft_w24_p6_r2_CTGGCAGAGTGATCTC-1","hft_w24_p6_r2_CTGGCAGAGTGATCTC.1","stage4"
"hft_w24_p6_r2_CTGGCAGGTCGATTAC-1","hft_w24_p6_r2_CTGGCAGGTCGATTAC.1","stage4"
"hft_w24_p6_r2_CTGGCAGTCAGTCAAC-1","hft_w24_p6_r2_CTGGCAGTCAGTCAAC.1","stage4"
"hft_w24_p6_r2_CTGGCAGTCATGTTCT-1","hft_w24_p6_r2_CTGGCAGTCATGTTCT.1","stage4"
"hft_w24_p6_r2_CTGGGACCAAAGAAGG-1","hft_w24_p6_r2_CTGGGACCAAAGAAGG.1","stage4"
"hft_w24_p6_r2_CTGGGACCAGAGATGC-1","hft_w24_p6_r2_CTGGGACCAGAGATGC.1","stage4"
"hft_w24_p6_r2_CTGGGACCAGTCAGAG-1","hft_w24_p6_r2_CTGGGACCAGTCAGAG.1","stage4"
"hft_w24_p6_r2_CTGGGACGTTCCCGGA-1","hft_w24_p6_r2_CTGGGACGTTCCCGGA.1","stage4"
"hft_w24_p6_r2_CTGGGACTCAGGAAGC-1","hft_w24_p6_r2_CTGGGACTCAGGAAGC.1","stage4"
"hft_w24_p6_r2_CTGGGACTCCATCGAA-1","hft_w24_p6_r2_CTGGGACTCCATCGAA.1","stage4"
"hft_w24_p6_r2_CTGTATTCACTCGTGG-1","hft_w24_p6_r2_CTGTATTCACTCGTGG.1","stage4"
"hft_w24_p6_r2_CTGTATTCATAAAGTG-1","hft_w24_p6_r2_CTGTATTCATAAAGTG.1","stage4"
"hft_w24_p6_r2_CTGTATTCATCCCTCA-1","hft_w24_p6_r2_CTGTATTCATCCCTCA.1","stage4"
"hft_w24_p6_r2_CTGTATTGTCGATTAC-1","hft_w24_p6_r2_CTGTATTGTCGATTAC.1","stage4"
"hft_w24_p6_r2_CTGTTCGAGCTACGTT-1","hft_w24_p6_r2_CTGTTCGAGCTACGTT.1","stage4"
"hft_w24_p6_r2_CTGTTCGCACCTGGTG-1","hft_w24_p6_r2_CTGTTCGCACCTGGTG.1","stage4"
"hft_w24_p6_r2_CTGTTCGCACGGTTAT-1","hft_w24_p6_r2_CTGTTCGCACGGTTAT.1","stage4"
"hft_w24_p6_r2_CTGTTCGGTACTTCGA-1","hft_w24_p6_r2_CTGTTCGGTACTTCGA.1","stage4"
"hft_w24_p6_r2_CTGTTCGGTGATAGAT-1","hft_w24_p6_r2_CTGTTCGGTGATAGAT.1","stage4"
"hft_w24_p6_r2_CTGTTCGTCGTGGAAG-1","hft_w24_p6_r2_CTGTTCGTCGTGGAAG.1","stage4"
"hft_w24_p6_r2_CTGTTCGTCTGTGTCC-1","hft_w24_p6_r2_CTGTTCGTCTGTGTCC.1","stage4"
"hft_w24_p6_r2_CTTAATCAGGGTCCCT-1","hft_w24_p6_r2_CTTAATCAGGGTCCCT.1","stage4"
"hft_w24_p6_r2_CTTAATCCAGTAAGCG-1","hft_w24_p6_r2_CTTAATCCAGTAAGCG.1","stage4"
"hft_w24_p6_r2_CTTAATCGTTGGACGA-1","hft_w24_p6_r2_CTTAATCGTTGGACGA.1","stage4"
"hft_w24_p6_r2_CTTAATCTCTGGCTAA-1","hft_w24_p6_r2_CTTAATCTCTGGCTAA.1","stage4"
"hft_w24_p6_r2_CTTCCAGAGATCGAGC-1","hft_w24_p6_r2_CTTCCAGAGATCGAGC.1","stage4"
"hft_w24_p6_r2_CTTCTAACAACGCAAG-1","hft_w24_p6_r2_CTTCTAACAACGCAAG.1","stage4"
"hft_w24_p6_r2_CTTCTAACAACTCCCT-1","hft_w24_p6_r2_CTTCTAACAACTCCCT.1","stage4"
"hft_w24_p6_r2_CTTCTAACAGGTCCTG-1","hft_w24_p6_r2_CTTCTAACAGGTCCTG.1","stage4"
"hft_w24_p6_r2_CTTCTAACATGGAGGT-1","hft_w24_p6_r2_CTTCTAACATGGAGGT.1","stage4"
"hft_w24_p6_r2_CTTGAAGAGCACGTAG-1","hft_w24_p6_r2_CTTGAAGAGCACGTAG.1","stage4"
"hft_w24_p6_r2_CTTGAAGAGTCGTACT-1","hft_w24_p6_r2_CTTGAAGAGTCGTACT.1","stage4"
"hft_w24_p6_r2_CTTGAAGCAGCGTAGA-1","hft_w24_p6_r2_CTTGAAGCAGCGTAGA.1","stage4"
"hft_w24_p6_r2_CTTGAAGGTCATTGCA-1","hft_w24_p6_r2_CTTGAAGGTCATTGCA.1","stage4"
"hft_w24_p6_r2_CTTGAAGTCACTTACT-1","hft_w24_p6_r2_CTTGAAGTCACTTACT.1","stage4"
"hft_w24_p6_r2_CTTGCCACAGGATGTG-1","hft_w24_p6_r2_CTTGCCACAGGATGTG.1","stage4"
"hft_w24_p6_r2_CTTGCCACATAGATAG-1","hft_w24_p6_r2_CTTGCCACATAGATAG.1","stage4"
"hft_w24_p6_r2_CTTGCCATCAATCGTG-1","hft_w24_p6_r2_CTTGCCATCAATCGTG.1","stage4"
"hft_w24_p6_r2_CTTGCCATCAGAATGA-1","hft_w24_p6_r2_CTTGCCATCAGAATGA.1","stage4"
"hft_w24_p6_r2_CTTGCCATCCCGAAGC-1","hft_w24_p6_r2_CTTGCCATCCCGAAGC.1","stage4"
"hft_w24_p6_r2_CTTGCCATCCCGGGTA-1","hft_w24_p6_r2_CTTGCCATCCCGGGTA.1","stage4"
"hft_w24_p6_r2_CTTGCTGAGTGCTAGG-1","hft_w24_p6_r2_CTTGCTGAGTGCTAGG.1","stage4"
"hft_w24_p6_r2_CTTGCTGGTGGCCTCA-1","hft_w24_p6_r2_CTTGCTGGTGGCCTCA.1","stage4"
"hft_w24_p6_r2_CTTGCTGTCTTGTACT-1","hft_w24_p6_r2_CTTGCTGTCTTGTACT.1","stage4"
"hft_w24_p6_r2_CTTGTCGAGTAGAAGG-1","hft_w24_p6_r2_CTTGTCGAGTAGAAGG.1","stage4"
"hft_w24_p6_r2_CTTGTCGCATTCACGA-1","hft_w24_p6_r2_CTTGTCGCATTCACGA.1","stage4"
"hft_w24_p6_r2_CTTGTCGGTGAGTTGG-1","hft_w24_p6_r2_CTTGTCGGTGAGTTGG.1","stage4"
"hft_w24_p6_r2_CTTGTCGTCGGTCGAC-1","hft_w24_p6_r2_CTTGTCGTCGGTCGAC.1","stage4"
"hft_w24_p6_r2_CTTTGCGCATGGTTTG-1","hft_w24_p6_r2_CTTTGCGCATGGTTTG.1","stage4"
"hft_w24_p6_r2_GAAACAAAGAGGCAGG-1","hft_w24_p6_r2_GAAACAAAGAGGCAGG.1","stage4"
"hft_w24_p6_r2_GAAACAACATGACTGT-1","hft_w24_p6_r2_GAAACAACATGACTGT.1","stage4"
"hft_w24_p6_r2_GAAACAATCACGTCAA-1","hft_w24_p6_r2_GAAACAATCACGTCAA.1","stage4"
"hft_w24_p6_r2_GAAAGTAAGACCTATC-1","hft_w24_p6_r2_GAAAGTAAGACCTATC.1","stage4"
"hft_w24_p6_r2_GAAAGTACAAGTGGCA-1","hft_w24_p6_r2_GAAAGTACAAGTGGCA.1","stage4"
"hft_w24_p6_r2_GAAAGTAGTAGCAGGT-1","hft_w24_p6_r2_GAAAGTAGTAGCAGGT.1","stage4"
"hft_w24_p6_r2_GAAAGTAGTGCAGACA-1","hft_w24_p6_r2_GAAAGTAGTGCAGACA.1","stage4"
"hft_w24_p6_r2_GAAAGTATCGTGGCGT-1","hft_w24_p6_r2_GAAAGTATCGTGGCGT.1","stage4"
"hft_w24_p6_r2_GAAATGAAGGGATCCA-1","hft_w24_p6_r2_GAAATGAAGGGATCCA.1","stage4"
"hft_w24_p6_r2_GAAATGACAACGTACT-1","hft_w24_p6_r2_GAAATGACAACGTACT.1","stage4"
"hft_w24_p6_r2_GAAATGATCACTCCCA-1","hft_w24_p6_r2_GAAATGATCACTCCCA.1","stage4"
"hft_w24_p6_r2_GAAATGATCCGGGCAT-1","hft_w24_p6_r2_GAAATGATCCGGGCAT.1","stage4"
"hft_w24_p6_r2_GAACCGCAGCTACGTT-1","hft_w24_p6_r2_GAACCGCAGCTACGTT.1","stage4"
"hft_w24_p6_r2_GAACCGCAGGCACCTC-1","hft_w24_p6_r2_GAACCGCAGGCACCTC.1","stage4"
"hft_w24_p6_r2_GAACCGCCACCTACCT-1","hft_w24_p6_r2_GAACCGCCACCTACCT.1","stage4"
"hft_w24_p6_r2_GAACCGCGTAACGGCA-1","hft_w24_p6_r2_GAACCGCGTAACGGCA.1","stage4"
"hft_w24_p6_r2_GAACCGCGTTGGAGGT-1","hft_w24_p6_r2_GAACCGCGTTGGAGGT.1","stage4"
"hft_w24_p6_r2_GAACCGCTCTTGGCCT-1","hft_w24_p6_r2_GAACCGCTCTTGGCCT.1","stage4"
"hft_w24_p6_r2_GAACCTAAGAGCGAAA-1","hft_w24_p6_r2_GAACCTAAGAGCGAAA.1","stage4"
"hft_w24_p6_r2_GAACCTAAGCCGCAAA-1","hft_w24_p6_r2_GAACCTAAGCCGCAAA.1","stage4"
"hft_w24_p6_r2_GAACCTAAGTGAGCAC-1","hft_w24_p6_r2_GAACCTAAGTGAGCAC.1","stage4"
"hft_w24_p6_r2_GAACCTAAGTTCGACT-1","hft_w24_p6_r2_GAACCTAAGTTCGACT.1","stage4"
"hft_w24_p6_r2_GAACCTAGTCTGGATT-1","hft_w24_p6_r2_GAACCTAGTCTGGATT.1","stage4"
"hft_w24_p6_r2_GAACCTAGTGCACATT-1","hft_w24_p6_r2_GAACCTAGTGCACATT.1","stage4"
"hft_w24_p6_r2_GAACGTTAGCTGAGGT-1","hft_w24_p6_r2_GAACGTTAGCTGAGGT.1","stage4"
"hft_w24_p6_r2_GAACGTTTCGGGTCCA-1","hft_w24_p6_r2_GAACGTTTCGGGTCCA.1","stage4"
"hft_w24_p6_r2_GAACTTGCACCTGAAT-1","hft_w24_p6_r2_GAACTTGCACCTGAAT.1","stage4"
"hft_w24_p6_r2_GAACTTGGTGCTTTGA-1","hft_w24_p6_r2_GAACTTGGTGCTTTGA.1","stage4"
"hft_w24_p6_r2_GAACTTGGTGTTAGAA-1","hft_w24_p6_r2_GAACTTGGTGTTAGAA.1","stage4"
"hft_w24_p6_r2_GAACTTGGTTGGCTTA-1","hft_w24_p6_r2_GAACTTGGTTGGCTTA.1","stage4"
"hft_w24_p6_r2_GAACTTGTCTGAGTAC-1","hft_w24_p6_r2_GAACTTGTCTGAGTAC.1","stage4"
"hft_w24_p6_r2_GAAGAGCCACATATCG-1","hft_w24_p6_r2_GAAGAGCCACATATCG.1","stage4"
"hft_w24_p6_r2_GAAGTCTCACATGATC-1","hft_w24_p6_r2_GAAGTCTCACATGATC.1","stage4"
"hft_w24_p6_r2_GAAGTCTCATTACCTT-1","hft_w24_p6_r2_GAAGTCTCATTACCTT.1","stage4"
"hft_w24_p6_r2_GAAGTCTGTATGGATA-1","hft_w24_p6_r2_GAAGTCTGTATGGATA.1","stage4"
"hft_w24_p6_r2_GAAGTCTGTTTCCGGG-1","hft_w24_p6_r2_GAAGTCTGTTTCCGGG.1","stage4"
"hft_w24_p6_r2_GAAGTGGCAAGGGTAC-1","hft_w24_p6_r2_GAAGTGGCAAGGGTAC.1","stage4"
"hft_w24_p6_r2_GAAGTGGCATTGCGAT-1","hft_w24_p6_r2_GAAGTGGCATTGCGAT.1","stage4"
"hft_w24_p6_r2_GAAGTGGGTCGTAATC-1","hft_w24_p6_r2_GAAGTGGGTCGTAATC.1","stage4"
"hft_w24_p6_r2_GAAGTGGGTTCCCTTG-1","hft_w24_p6_r2_GAAGTGGGTTCCCTTG.1","stage4"
"hft_w24_p6_r2_GAAGTGGTCCCTAAAG-1","hft_w24_p6_r2_GAAGTGGTCCCTAAAG.1","stage4"
"hft_w24_p6_r2_GAATCTGCAAGGAGGG-1","hft_w24_p6_r2_GAATCTGCAAGGAGGG.1","stage4"
"hft_w24_p6_r2_GAATCTGGTATCACAC-1","hft_w24_p6_r2_GAATCTGGTATCACAC.1","stage4"
"hft_w24_p6_r2_GAATCTGTCAGGGTTT-1","hft_w24_p6_r2_GAATCTGTCAGGGTTT.1","stage4"
"hft_w24_p6_r2_GAATCTGTCATGCTTT-1","hft_w24_p6_r2_GAATCTGTCATGCTTT.1","stage4"
"hft_w24_p6_r2_GAATCTGTCCCAGCAG-1","hft_w24_p6_r2_GAATCTGTCCCAGCAG.1","stage4"
"hft_w24_p6_r2_GAATCTGTCGACCCGA-1","hft_w24_p6_r2_GAATCTGTCGACCCGA.1","stage4"
"hft_w24_p6_r2_GAATCTGTCGGCAATT-1","hft_w24_p6_r2_GAATCTGTCGGCAATT.1","stage4"
"hft_w24_p6_r2_GACCAATTCTTCCGTG-1","hft_w24_p6_r2_GACCAATTCTTCCGTG.1","stage4"
"hft_w24_p6_r2_GACCCAGAGGGTTCCC-1","hft_w24_p6_r2_GACCCAGAGGGTTCCC.1","stage4"
"hft_w24_p6_r2_GACCCAGCAATTAGGA-1","hft_w24_p6_r2_GACCCAGCAATTAGGA.1","stage4"
"hft_w24_p6_r2_GACCCAGCACAATAAG-1","hft_w24_p6_r2_GACCCAGCACAATAAG.1","stage4"
"hft_w24_p6_r2_GACCCAGTCTGGAAGG-1","hft_w24_p6_r2_GACCCAGTCTGGAAGG.1","stage4"
"hft_w24_p6_r2_GACCGACAGCATGATA-1","hft_w24_p6_r2_GACCGACAGCATGATA.1","stage4"
"hft_w24_p6_r2_GACCGACGTTCCAATG-1","hft_w24_p6_r2_GACCGACGTTCCAATG.1","stage4"
"hft_w24_p6_r2_GACCTTCCACACATTG-1","hft_w24_p6_r2_GACCTTCCACACATTG.1","stage4"
"hft_w24_p6_r2_GACCTTCGTTTGCATG-1","hft_w24_p6_r2_GACCTTCGTTTGCATG.1","stage4"
"hft_w24_p6_r2_GACCTTCTCAGCACTA-1","hft_w24_p6_r2_GACCTTCTCAGCACTA.1","stage4"
"hft_w24_p6_r2_GACCTTCTCCAACGCG-1","hft_w24_p6_r2_GACCTTCTCCAACGCG.1","stage4"
"hft_w24_p6_r2_GACCTTCTCGGACGAA-1","hft_w24_p6_r2_GACCTTCTCGGACGAA.1","stage4"
"hft_w24_p6_r2_GACTAACAGGTCCTCG-1","hft_w24_p6_r2_GACTAACAGGTCCTCG.1","stage4"
"hft_w24_p6_r2_GACTAACAGTACTCTG-1","hft_w24_p6_r2_GACTAACAGTACTCTG.1","stage4"
"hft_w24_p6_r2_GACTAACGTCAGTGTT-1","hft_w24_p6_r2_GACTAACGTCAGTGTT.1","stage4"
"hft_w24_p6_r2_GACTAGTTCGCAACTA-1","hft_w24_p6_r2_GACTAGTTCGCAACTA.1","stage4"
"hft_w24_p6_r2_GAGAACGCACAATAAG-1","hft_w24_p6_r2_GAGAACGCACAATAAG.1","stage4"
"hft_w24_p6_r2_GAGAACGGTGCTTACA-1","hft_w24_p6_r2_GAGAACGGTGCTTACA.1","stage4"
"hft_w24_p6_r2_GAGAACGGTGTTAGAA-1","hft_w24_p6_r2_GAGAACGGTGTTAGAA.1","stage4"
"hft_w24_p6_r2_GAGAACGTCAGGGTTT-1","hft_w24_p6_r2_GAGAACGTCAGGGTTT.1","stage4"
"hft_w24_p6_r2_GAGACTTAGATCGAGC-1","hft_w24_p6_r2_GAGACTTAGATCGAGC.1","stage4"
"hft_w24_p6_r2_GAGACTTAGCCATTCA-1","hft_w24_p6_r2_GAGACTTAGCCATTCA.1","stage4"
"hft_w24_p6_r2_GAGACTTGTGAGGTCA-1","hft_w24_p6_r2_GAGACTTGTGAGGTCA.1","stage4"
"hft_w24_p6_r2_GAGACTTGTTAACTCG-1","hft_w24_p6_r2_GAGACTTGTTAACTCG.1","stage4"
"hft_w24_p6_r2_GAGACTTTCAAGAGGC-1","hft_w24_p6_r2_GAGACTTTCAAGAGGC.1","stage4"
"hft_w24_p6_r2_GAGACTTTCTGAACGT-1","hft_w24_p6_r2_GAGACTTTCTGAACGT.1","stage4"
"hft_w24_p6_r2_GAGATTCCACAGTAGG-1","hft_w24_p6_r2_GAGATTCCACAGTAGG.1","stage4"
"hft_w24_p6_r2_GAGATTCTCCCAGTAA-1","hft_w24_p6_r2_GAGATTCTCCCAGTAA.1","stage4"
"hft_w24_p6_r2_GAGATTCTCTTGTCGC-1","hft_w24_p6_r2_GAGATTCTCTTGTCGC.1","stage4"
"hft_w24_p6_r2_GAGCATTAGTGAAACT-1","hft_w24_p6_r2_GAGCATTAGTGAAACT.1","stage4"
"hft_w24_p6_r2_GAGCATTCAAAGAGAG-1","hft_w24_p6_r2_GAGCATTCAAAGAGAG.1","stage4"
"hft_w24_p6_r2_GAGCATTTCCATACGA-1","hft_w24_p6_r2_GAGCATTTCCATACGA.1","stage4"
"hft_w24_p6_r2_GAGCGCTAGGATGCCA-1","hft_w24_p6_r2_GAGCGCTAGGATGCCA.1","stage4"
"hft_w24_p6_r2_GAGCGCTCATAAAGTG-1","hft_w24_p6_r2_GAGCGCTCATAAAGTG.1","stage4"
"hft_w24_p6_r2_GAGCGCTTCGCGCCAA-1","hft_w24_p6_r2_GAGCGCTTCGCGCCAA.1","stage4"
"hft_w24_p6_r2_GAGCGCTTCTGACATG-1","hft_w24_p6_r2_GAGCGCTTCTGACATG.1","stage4"
"hft_w24_p6_r2_GAGGATGGTATCTAGC-1","hft_w24_p6_r2_GAGGATGGTATCTAGC.1","stage4"
"hft_w24_p6_r2_GAGGATGGTGAATCAA-1","hft_w24_p6_r2_GAGGATGGTGAATCAA.1","stage4"
"hft_w24_p6_r2_GAGGATGTCCAGTTAG-1","hft_w24_p6_r2_GAGGATGTCCAGTTAG.1","stage4"
"hft_w24_p6_r2_GAGGCTCAGACGAAAG-1","hft_w24_p6_r2_GAGGCTCAGACGAAAG.1","stage4"
"hft_w24_p6_r2_GAGGCTCAGTAATGTG-1","hft_w24_p6_r2_GAGGCTCAGTAATGTG.1","stage4"
"hft_w24_p6_r2_GAGGCTCGTTTAAGGA-1","hft_w24_p6_r2_GAGGCTCGTTTAAGGA.1","stage4"
"hft_w24_p6_r2_GAGGCTCGTTTCTTAC-1","hft_w24_p6_r2_GAGGCTCGTTTCTTAC.1","stage4"
"hft_w24_p6_r2_GAGGCTCGTTTGATCG-1","hft_w24_p6_r2_GAGGCTCGTTTGATCG.1","stage4"
"hft_w24_p6_r2_GAGGTCCAGTCGTACT-1","hft_w24_p6_r2_GAGGTCCAGTCGTACT.1","stage4"
"hft_w24_p6_r2_GAGGTCCGTATGTTCG-1","hft_w24_p6_r2_GAGGTCCGTATGTTCG.1","stage4"
"hft_w24_p6_r2_GAGGTCCGTCAACTAC-1","hft_w24_p6_r2_GAGGTCCGTCAACTAC.1","stage4"
"hft_w24_p6_r2_GAGGTCCGTTACGCTA-1","hft_w24_p6_r2_GAGGTCCGTTACGCTA.1","stage4"
"hft_w24_p6_r2_GAGTGAGAGGATGTCG-1","hft_w24_p6_r2_GAGTGAGAGGATGTCG.1","stage4"
"hft_w24_p6_r2_GAGTGAGCAACTCGAT-1","hft_w24_p6_r2_GAGTGAGCAACTCGAT.1","stage4"
"hft_w24_p6_r2_GAGTGAGGTGTCGGTC-1","hft_w24_p6_r2_GAGTGAGGTGTCGGTC.1","stage4"
"hft_w24_p6_r2_GAGTGAGTCAGCACTA-1","hft_w24_p6_r2_GAGTGAGTCAGCACTA.1","stage4"
"hft_w24_p6_r2_GATCATGCAGTGCGAA-1","hft_w24_p6_r2_GATCATGCAGTGCGAA.1","stage4"
"hft_w24_p6_r2_GATCATGGTGGCCTCA-1","hft_w24_p6_r2_GATCATGGTGGCCTCA.1","stage4"
"hft_w24_p6_r2_GATCATGGTTCTGAGT-1","hft_w24_p6_r2_GATCATGGTTCTGAGT.1","stage4"
"hft_w24_p6_r2_GATCATGTCAATTGGC-1","hft_w24_p6_r2_GATCATGTCAATTGGC.1","stage4"
"hft_w24_p6_r2_GATCATGTCAGTCAAC-1","hft_w24_p6_r2_GATCATGTCAGTCAAC.1","stage4"
"hft_w24_p6_r2_GATCATGTCTCCTTGG-1","hft_w24_p6_r2_GATCATGTCTCCTTGG.1","stage4"
"hft_w24_p6_r2_GATCGTAAGAAGCCTG-1","hft_w24_p6_r2_GATCGTAAGAAGCCTG.1","stage4"
"hft_w24_p6_r2_GATCGTACAACTAGAA-1","hft_w24_p6_r2_GATCGTACAACTAGAA.1","stage4"
"hft_w24_p6_r2_GATCGTACAGCTATAC-1","hft_w24_p6_r2_GATCGTACAGCTATAC.1","stage4"
"hft_w24_p6_r2_GATCGTATCGCTGATA-1","hft_w24_p6_r2_GATCGTATCGCTGATA.1","stage4"
"hft_w24_p6_r2_GATGATCAGCCCATGC-1","hft_w24_p6_r2_GATGATCAGCCCATGC.1","stage4"
"hft_w24_p6_r2_GATGATCAGGCCTCGT-1","hft_w24_p6_r2_GATGATCAGGCCTCGT.1","stage4"
"hft_w24_p6_r2_GATGATCAGGCGTAGT-1","hft_w24_p6_r2_GATGATCAGGCGTAGT.1","stage4"
"hft_w24_p6_r2_GATGATCCAAGTCTCA-1","hft_w24_p6_r2_GATGATCCAAGTCTCA.1","stage4"
"hft_w24_p6_r2_GATGATCCACTAGCCG-1","hft_w24_p6_r2_GATGATCCACTAGCCG.1","stage4"
"hft_w24_p6_r2_GATGATCGTAGCAGGT-1","hft_w24_p6_r2_GATGATCGTAGCAGGT.1","stage4"
"hft_w24_p6_r2_GATGATCGTCATAGCT-1","hft_w24_p6_r2_GATGATCGTCATAGCT.1","stage4"
"hft_w24_p6_r2_GATGATCTCCTCCTGA-1","hft_w24_p6_r2_GATGATCTCCTCCTGA.1","stage4"
"hft_w24_p6_r2_GATGGCCAGATAGGTT-1","hft_w24_p6_r2_GATGGCCAGATAGGTT.1","stage4"
"hft_w24_p6_r2_GATGGCCCAAACCCTA-1","hft_w24_p6_r2_GATGGCCCAAACCCTA.1","stage4"
"hft_w24_p6_r2_GATGGCCCAAACGACG-1","hft_w24_p6_r2_GATGGCCCAAACGACG.1","stage4"
"hft_w24_p6_r2_GATGGCCCAATGGTAA-1","hft_w24_p6_r2_GATGGCCCAATGGTAA.1","stage4"
"hft_w24_p6_r2_GATGGCCCACACTAGT-1","hft_w24_p6_r2_GATGGCCCACACTAGT.1","stage4"
"hft_w24_p6_r2_GATGGCCGTAGTAACA-1","hft_w24_p6_r2_GATGGCCGTAGTAACA.1","stage4"
"hft_w24_p6_r2_GATTAGCCAGTTGGAG-1","hft_w24_p6_r2_GATTAGCCAGTTGGAG.1","stage4"
"hft_w24_p6_r2_GATTAGCGTAAGTGCG-1","hft_w24_p6_r2_GATTAGCGTAAGTGCG.1","stage4"
"hft_w24_p6_r2_GATTAGCTCCGTCAAA-1","hft_w24_p6_r2_GATTAGCTCCGTCAAA.1","stage4"
"hft_w24_p6_r2_GATTAGCTCTGGACAT-1","hft_w24_p6_r2_GATTAGCTCTGGACAT.1","stage4"
"hft_w24_p6_r2_GATTGACAGAGGAAGT-1","hft_w24_p6_r2_GATTGACAGAGGAAGT.1","stage4"
"hft_w24_p6_r2_GATTGACAGGCTTTAC-1","hft_w24_p6_r2_GATTGACAGGCTTTAC.1","stage4"
"hft_w24_p6_r2_GATTGACCAAGCGAAC-1","hft_w24_p6_r2_GATTGACCAAGCGAAC.1","stage4"
"hft_w24_p6_r2_GATTGACCAGCAGGTA-1","hft_w24_p6_r2_GATTGACCAGCAGGTA.1","stage4"
"hft_w24_p6_r2_GATTGACGTTAGGCTT-1","hft_w24_p6_r2_GATTGACGTTAGGCTT.1","stage4"
"hft_w24_p6_r2_GCAAAGGCAAAGGCCA-1","hft_w24_p6_r2_GCAAAGGCAAAGGCCA.1","stage4"
"hft_w24_p6_r2_GCAAAGGGTCGTAGTT-1","hft_w24_p6_r2_GCAAAGGGTCGTAGTT.1","stage4"
"hft_w24_p6_r2_GCAAAGGGTTGGTAAA-1","hft_w24_p6_r2_GCAAAGGGTTGGTAAA.1","stage4"
"hft_w24_p6_r2_GCAACCGTCCAGAGAG-1","hft_w24_p6_r2_GCAACCGTCCAGAGAG.1","stage4"
"hft_w24_p6_r2_GCAACCGTCGCCAGAC-1","hft_w24_p6_r2_GCAACCGTCGCCAGAC.1","stage4"
"hft_w24_p6_r2_GCACCTTCATCCATAG-1","hft_w24_p6_r2_GCACCTTCATCCATAG.1","stage4"
"hft_w24_p6_r2_GCACCTTCATTTGTTC-1","hft_w24_p6_r2_GCACCTTCATTTGTTC.1","stage4"
"hft_w24_p6_r2_GCACCTTGTATCACAC-1","hft_w24_p6_r2_GCACCTTGTATCACAC.1","stage4"
"hft_w24_p6_r2_GCACGCAAGACCCTAT-1","hft_w24_p6_r2_GCACGCAAGACCCTAT.1","stage4"
"hft_w24_p6_r2_GCACGCAAGCAGGAGG-1","hft_w24_p6_r2_GCACGCAAGCAGGAGG.1","stage4"
"hft_w24_p6_r2_GCACGCAAGTACAACA-1","hft_w24_p6_r2_GCACGCAAGTACAACA.1","stage4"
"hft_w24_p6_r2_GCACGCAAGTTACCAC-1","hft_w24_p6_r2_GCACGCAAGTTACCAC.1","stage4"
"hft_w24_p6_r2_GCACGCACACCGAATT-1","hft_w24_p6_r2_GCACGCACACCGAATT.1","stage4"
"hft_w24_p6_r2_GCACGCACATAGTCCA-1","hft_w24_p6_r2_GCACGCACATAGTCCA.1","stage4"
"hft_w24_p6_r2_GCACGCACATGATCGT-1","hft_w24_p6_r2_GCACGCACATGATCGT.1","stage4"
"hft_w24_p6_r2_GCACGCATCATCGCCT-1","hft_w24_p6_r2_GCACGCATCATCGCCT.1","stage4"
"hft_w24_p6_r2_GCACGCATCGGAAAGC-1","hft_w24_p6_r2_GCACGCATCGGAAAGC.1","stage4"
"hft_w24_p6_r2_GCACGGTCAGTGCGTC-1","hft_w24_p6_r2_GCACGGTCAGTGCGTC.1","stage4"
"hft_w24_p6_r2_GCACGGTCATAGATAG-1","hft_w24_p6_r2_GCACGGTCATAGATAG.1","stage4"
"hft_w24_p6_r2_GCACGGTGTACGGATG-1","hft_w24_p6_r2_GCACGGTGTACGGATG.1","stage4"
"hft_w24_p6_r2_GCACGGTGTTAGGCTT-1","hft_w24_p6_r2_GCACGGTGTTAGGCTT.1","stage4"
"hft_w24_p6_r2_GCAGATTAGACAACGC-1","hft_w24_p6_r2_GCAGATTAGACAACGC.1","stage4"
"hft_w24_p6_r2_GCAGATTCAATGTAAG-1","hft_w24_p6_r2_GCAGATTCAATGTAAG.1","stage4"
"hft_w24_p6_r2_GCAGATTGTAACAATG-1","hft_w24_p6_r2_GCAGATTGTAACAATG.1","stage4"
"hft_w24_p6_r2_GCAGCCAGTAACACTC-1","hft_w24_p6_r2_GCAGCCAGTAACACTC.1","stage4"
"hft_w24_p6_r2_GCAGCCAGTATTTGCG-1","hft_w24_p6_r2_GCAGCCAGTATTTGCG.1","stage4"
"hft_w24_p6_r2_GCAGCTGGTAATGCCT-1","hft_w24_p6_r2_GCAGCTGGTAATGCCT.1","stage4"
"hft_w24_p6_r2_GCAGCTGGTTAACCGT-1","hft_w24_p6_r2_GCAGCTGGTTAACCGT.1","stage4"
"hft_w24_p6_r2_GCAGCTGTCCATCATT-1","hft_w24_p6_r2_GCAGCTGTCCATCATT.1","stage4"
"hft_w24_p6_r2_GCAGCTGTCGAGTGTT-1","hft_w24_p6_r2_GCAGCTGTCGAGTGTT.1","stage4"
"hft_w24_p6_r2_GCAGCTGTCGTTCCGT-1","hft_w24_p6_r2_GCAGCTGTCGTTCCGT.1","stage4"
"hft_w24_p6_r2_GCATGATAGACAGCTG-1","hft_w24_p6_r2_GCATGATAGACAGCTG.1","stage4"
"hft_w24_p6_r2_GCATGATCAAAGAGAG-1","hft_w24_p6_r2_GCATGATCAAAGAGAG.1","stage4"
"hft_w24_p6_r2_GCATGATCAGCAACAG-1","hft_w24_p6_r2_GCATGATCAGCAACAG.1","stage4"
"hft_w24_p6_r2_GCATGATGTTCTTTGT-1","hft_w24_p6_r2_GCATGATGTTCTTTGT.1","stage4"
"hft_w24_p6_r2_GCATGATTCGGTACTA-1","hft_w24_p6_r2_GCATGATTCGGTACTA.1","stage4"
"hft_w24_p6_r2_GCATTCCAGAAATGGG-1","hft_w24_p6_r2_GCATTCCAGAAATGGG.1","stage4"
"hft_w24_p6_r2_GCATTCCAGCCATTCA-1","hft_w24_p6_r2_GCATTCCAGCCATTCA.1","stage4"
"hft_w24_p6_r2_GCATTCCAGGCTGGAT-1","hft_w24_p6_r2_GCATTCCAGGCTGGAT.1","stage4"
"hft_w24_p6_r2_GCATTCCAGTGGACGT-1","hft_w24_p6_r2_GCATTCCAGTGGACGT.1","stage4"
"hft_w24_p6_r2_GCATTCCTCAAGGCAG-1","hft_w24_p6_r2_GCATTCCTCAAGGCAG.1","stage4"
"hft_w24_p6_r2_GCATTCCTCGGCTATA-1","hft_w24_p6_r2_GCATTCCTCGGCTATA.1","stage4"
"hft_w24_p6_r2_GCATTCCTCTCGCGTT-1","hft_w24_p6_r2_GCATTCCTCTCGCGTT.1","stage4"
"hft_w24_p6_r2_GCATTGAAGACCCATT-1","hft_w24_p6_r2_GCATTGAAGACCCATT.1","stage4"
"hft_w24_p6_r2_GCATTGAAGCCCATTA-1","hft_w24_p6_r2_GCATTGAAGCCCATTA.1","stage4"
"hft_w24_p6_r2_GCATTGACATCAGAAA-1","hft_w24_p6_r2_GCATTGACATCAGAAA.1","stage4"
"hft_w24_p6_r2_GCCAGACAGTGCCCTG-1","hft_w24_p6_r2_GCCAGACAGTGCCCTG.1","stage4"
"hft_w24_p6_r2_GCCAGACGTCTGCGCA-1","hft_w24_p6_r2_GCCAGACGTCTGCGCA.1","stage4"
"hft_w24_p6_r2_GCCAGACTCCAGGCCA-1","hft_w24_p6_r2_GCCAGACTCCAGGCCA.1","stage4"
"hft_w24_p6_r2_GCCAGCACACAGATGG-1","hft_w24_p6_r2_GCCAGCACACAGATGG.1","stage4"
"hft_w24_p6_r2_GCCAGCACATCTGCAA-1","hft_w24_p6_r2_GCCAGCACATCTGCAA.1","stage4"
"hft_w24_p6_r2_GCCAGCAGTTCCGCGA-1","hft_w24_p6_r2_GCCAGCAGTTCCGCGA.1","stage4"
"hft_w24_p6_r2_GCCAGCATCCCACTTG-1","hft_w24_p6_r2_GCCAGCATCCCACTTG.1","stage4"
"hft_w24_p6_r2_GCCATAAAGTATCTGC-1","hft_w24_p6_r2_GCCATAAAGTATCTGC.1","stage4"
"hft_w24_p6_r2_GCCATAAGTCAGAAGC-1","hft_w24_p6_r2_GCCATAAGTCAGAAGC.1","stage4"
"hft_w24_p6_r2_GCCATAAGTCGAGGTA-1","hft_w24_p6_r2_GCCATAAGTCGAGGTA.1","stage4"
"hft_w24_p6_r2_GCCATAATCTAGCAGT-1","hft_w24_p6_r2_GCCATAATCTAGCAGT.1","stage4"
"hft_w24_p6_r2_GCCCAGAAGCTGAATA-1","hft_w24_p6_r2_GCCCAGAAGCTGAATA.1","stage4"
"hft_w24_p6_r2_GCCCAGAAGGCACCTC-1","hft_w24_p6_r2_GCCCAGAAGGCACCTC.1","stage4"
"hft_w24_p6_r2_GCCCAGAGTGCACATT-1","hft_w24_p6_r2_GCCCAGAGTGCACATT.1","stage4"
"hft_w24_p6_r2_GCCCGAAAGGCTTCGC-1","hft_w24_p6_r2_GCCCGAAAGGCTTCGC.1","stage4"
"hft_w24_p6_r2_GCCCGAACACAGCCAC-1","hft_w24_p6_r2_GCCCGAACACAGCCAC.1","stage4"
"hft_w24_p6_r2_GCCCGAAGTGCTAGTT-1","hft_w24_p6_r2_GCCCGAAGTGCTAGTT.1","stage4"
"hft_w24_p6_r2_GCCCGAATCCTCTCTT-1","hft_w24_p6_r2_GCCCGAATCCTCTCTT.1","stage4"
"hft_w24_p6_r2_GCCCGAATCTATCTCA-1","hft_w24_p6_r2_GCCCGAATCTATCTCA.1","stage4"
"hft_w24_p6_r2_GCCCGAATCTGATCCC-1","hft_w24_p6_r2_GCCCGAATCTGATCCC.1","stage4"
"hft_w24_p6_r2_GCCTACTCAGGTAACG-1","hft_w24_p6_r2_GCCTACTCAGGTAACG.1","stage4"
"hft_w24_p6_r2_GCCTACTGTAGACACG-1","hft_w24_p6_r2_GCCTACTGTAGACACG.1","stage4"
"hft_w24_p6_r2_GCCTAGGTCGTGTGCG-1","hft_w24_p6_r2_GCCTAGGTCGTGTGCG.1","stage4"
"hft_w24_p6_r2_GCGAGAAAGGATGCCA-1","hft_w24_p6_r2_GCGAGAAAGGATGCCA.1","stage4"
"hft_w24_p6_r2_GCGAGAACACGCGTTG-1","hft_w24_p6_r2_GCGAGAACACGCGTTG.1","stage4"
"hft_w24_p6_r2_GCGAGAAGTTTGCGAT-1","hft_w24_p6_r2_GCGAGAAGTTTGCGAT.1","stage4"
"hft_w24_p6_r2_GCGAGTCAGGCAGTAC-1","hft_w24_p6_r2_GCGAGTCAGGCAGTAC.1","stage4"
"hft_w24_p6_r2_GCGAGTCCAAGATTAG-1","hft_w24_p6_r2_GCGAGTCCAAGATTAG.1","stage4"
"hft_w24_p6_r2_GCGAGTCCACACACAT-1","hft_w24_p6_r2_GCGAGTCCACACACAT.1","stage4"
"hft_w24_p6_r2_GCGAGTCCATATTGGC-1","hft_w24_p6_r2_GCGAGTCCATATTGGC.1","stage4"
"hft_w24_p6_r2_GCGAGTCGTAACATAG-1","hft_w24_p6_r2_GCGAGTCGTAACATAG.1","stage4"
"hft_w24_p6_r2_GCGAGTCGTAATGTGA-1","hft_w24_p6_r2_GCGAGTCGTAATGTGA.1","stage4"
"hft_w24_p6_r2_GCGAGTCGTATTGTGC-1","hft_w24_p6_r2_GCGAGTCGTATTGTGC.1","stage4"
"hft_w24_p6_r2_GCGAGTCTCACTGGTA-1","hft_w24_p6_r2_GCGAGTCTCACTGGTA.1","stage4"
"hft_w24_p6_r2_GCGAGTCTCGAGTTAC-1","hft_w24_p6_r2_GCGAGTCTCGAGTTAC.1","stage4"
"hft_w24_p6_r2_GCGATCGAGGCAGTAC-1","hft_w24_p6_r2_GCGATCGAGGCAGTAC.1","stage4"
"hft_w24_p6_r2_GCGATCGTCCCTACCA-1","hft_w24_p6_r2_GCGATCGTCCCTACCA.1","stage4"
"hft_w24_p6_r2_GCGATCGTCGGTGATT-1","hft_w24_p6_r2_GCGATCGTCGGTGATT.1","stage4"
"hft_w24_p6_r2_GCGATCGTCTGACTTT-1","hft_w24_p6_r2_GCGATCGTCTGACTTT.1","stage4"
"hft_w24_p6_r2_GCGATTACACTTTGGA-1","hft_w24_p6_r2_GCGATTACACTTTGGA.1","stage4"
"hft_w24_p6_r2_GCGATTACATTTGTTC-1","hft_w24_p6_r2_GCGATTACATTTGTTC.1","stage4"
"hft_w16_p7_r3_TGGCCTTTCCCTATTA-1","hft_w16_p7_r3_TGGCCTTTCCCTATTA.1","stage1"
"hft_w16_p7_r3_TGGCCTTTCGCTCGGA-1","hft_w16_p7_r3_TGGCCTTTCGCTCGGA.1","stage1"
"hft_w16_p7_r3_TGGCCTTTCGTGATAC-1","hft_w16_p7_r3_TGGCCTTTCGTGATAC.1","stage1"
"hft_w16_p7_r3_TGGCCTTTCTTCTTCC-1","hft_w16_p7_r3_TGGCCTTTCTTCTTCC.1","stage1"
"hft_w16_p7_r3_TGGCGCACAGACTAAA-1","hft_w16_p7_r3_TGGCGCACAGACTAAA.1","stage1"
"hft_w16_p7_r3_TGGCGCAGTAACTGAA-1","hft_w16_p7_r3_TGGCGCAGTAACTGAA.1","stage1"
"hft_w16_p7_r3_TGGCGCAGTGGGTAGT-1","hft_w16_p7_r3_TGGCGCAGTGGGTAGT.1","stage1"
"hft_w16_p7_r3_TGGCGCAGTTCCCTTG-1","hft_w16_p7_r3_TGGCGCAGTTCCCTTG.1","stage1"
"hft_w16_p7_r3_TGGCGCATCGTCCCAT-1","hft_w16_p7_r3_TGGCGCATCGTCCCAT.1","stage1"
"hft_w16_p7_r3_TGGGTGCAGTATAGTG-1","hft_w16_p7_r3_TGGGTGCAGTATAGTG.1","stage1"
"hft_w16_p7_r3_TGGGTGCCAAGGAAGA-1","hft_w16_p7_r3_TGGGTGCCAAGGAAGA.1","stage1"
"hft_w16_p7_r3_TGGGTGCCACATATCG-1","hft_w16_p7_r3_TGGGTGCCACATATCG.1","stage1"
"hft_w16_p7_r3_TGGGTGCCATTAGCCA-1","hft_w16_p7_r3_TGGGTGCCATTAGCCA.1","stage1"
"hft_w16_p7_r3_TGGGTGCGTAACACTC-1","hft_w16_p7_r3_TGGGTGCGTAACACTC.1","stage1"
"hft_w16_p7_r3_TGGGTGCTCCAATCCC-1","hft_w16_p7_r3_TGGGTGCTCCAATCCC.1","stage1"
"hft_w16_p7_r3_TGGGTTAAGTAGAAGG-1","hft_w16_p7_r3_TGGGTTAAGTAGAAGG.1","stage1"
"hft_w16_p7_r3_TGGGTTAAGTCTTAGC-1","hft_w16_p7_r3_TGGGTTAAGTCTTAGC.1","stage1"
"hft_w16_p7_r3_TGGGTTAGTCTAAAGA-1","hft_w16_p7_r3_TGGGTTAGTCTAAAGA.1","stage1"
"hft_w16_p7_r3_TGGGTTATCGGTTGTA-1","hft_w16_p7_r3_TGGGTTATCGGTTGTA.1","stage1"
"hft_w16_p7_r3_TGGTCAAAGTTCGTTG-1","hft_w16_p7_r3_TGGTCAAAGTTCGTTG.1","stage1"
"hft_w16_p7_r3_TGGTCAACATTTCACT-1","hft_w16_p7_r3_TGGTCAACATTTCACT.1","stage1"
"hft_w16_p7_r3_TGGTCAAGTTACGGAG-1","hft_w16_p7_r3_TGGTCAAGTTACGGAG.1","stage1"
"hft_w16_p7_r3_TGGTCAATCTGTCGGG-1","hft_w16_p7_r3_TGGTCAATCTGTCGGG.1","stage1"
"hft_w16_p7_r3_TGGTCCTAGATTACGA-1","hft_w16_p7_r3_TGGTCCTAGATTACGA.1","stage1"
"hft_w16_p7_r3_TGGTCCTAGGTACTCT-1","hft_w16_p7_r3_TGGTCCTAGGTACTCT.1","stage1"
"hft_w16_p7_r3_TGGTCCTAGTCAGCCC-1","hft_w16_p7_r3_TGGTCCTAGTCAGCCC.1","stage1"
"hft_w16_p7_r3_TGGTCCTAGTGATAAC-1","hft_w16_p7_r3_TGGTCCTAGTGATAAC.1","stage1"
"hft_w16_p7_r3_TGGTCCTCAACGTCCG-1","hft_w16_p7_r3_TGGTCCTCAACGTCCG.1","stage1"
"hft_w16_p7_r3_TGGTCCTCATAGAATG-1","hft_w16_p7_r3_TGGTCCTCATAGAATG.1","stage1"
"hft_w16_p7_r3_TGGTCCTTCACATTCT-1","hft_w16_p7_r3_TGGTCCTTCACATTCT.1","stage1"
"hft_w16_p7_r3_TGTAAGCGTACCCACG-1","hft_w16_p7_r3_TGTAAGCGTACCCACG.1","stage1"
"hft_w16_p7_r3_TGTAAGCGTATTCGCA-1","hft_w16_p7_r3_TGTAAGCGTATTCGCA.1","stage1"
"hft_w16_p7_r3_TGTAAGCTCAGTACAC-1","hft_w16_p7_r3_TGTAAGCTCAGTACAC.1","stage1"
"hft_w16_p7_r3_TGTACAGAGAATATCG-1","hft_w16_p7_r3_TGTACAGAGAATATCG.1","stage1"
"hft_w16_p7_r3_TGTACAGAGAGCCACA-1","hft_w16_p7_r3_TGTACAGAGAGCCACA.1","stage1"
"hft_w16_p7_r3_TGTACAGCACGCCGAT-1","hft_w16_p7_r3_TGTACAGCACGCCGAT.1","stage1"
"hft_w16_p7_r3_TGTACAGCATAGCCGC-1","hft_w16_p7_r3_TGTACAGCATAGCCGC.1","stage1"
"hft_w16_p7_r3_TGTACAGGTGCAAAGC-1","hft_w16_p7_r3_TGTACAGGTGCAAAGC.1","stage1"
"hft_w16_p7_r3_TGTACAGGTGCGACCT-1","hft_w16_p7_r3_TGTACAGGTGCGACCT.1","stage1"
"hft_w16_p7_r3_TGTACGAAGACAGCTG-1","hft_w16_p7_r3_TGTACGAAGACAGCTG.1","stage1"
"hft_w16_p7_r3_TGTACGAAGTAGGTCG-1","hft_w16_p7_r3_TGTACGAAGTAGGTCG.1","stage1"
"hft_w16_p7_r3_TGTACGAGTTGGCGAA-1","hft_w16_p7_r3_TGTACGAGTTGGCGAA.1","stage1"
"hft_w16_p7_r3_TGTAGCAAGCATGATA-1","hft_w16_p7_r3_TGTAGCAAGCATGATA.1","stage1"
"hft_w16_p7_r3_TGTAGCACACCCTTAC-1","hft_w16_p7_r3_TGTAGCACACCCTTAC.1","stage1"
"hft_w16_p7_r3_TGTAGCACACGATATC-1","hft_w16_p7_r3_TGTAGCACACGATATC.1","stage1"
"hft_w16_p7_r3_TGTAGCACAGTTACAC-1","hft_w16_p7_r3_TGTAGCACAGTTACAC.1","stage1"
"hft_w16_p7_r3_TGTAGCATCAGTCTTT-1","hft_w16_p7_r3_TGTAGCATCAGTCTTT.1","stage1"
"hft_w16_p7_r3_TGTGACACACAACGGA-1","hft_w16_p7_r3_TGTGACACACAACGGA.1","stage1"
"hft_w16_p7_r3_TGTGACACACCTACCT-1","hft_w16_p7_r3_TGTGACACACCTACCT.1","stage1"
"hft_w16_p7_r3_TGTGACACAGGACTGA-1","hft_w16_p7_r3_TGTGACACAGGACTGA.1","stage1"
"hft_w16_p7_r3_TGTGACAGTCATGAGG-1","hft_w16_p7_r3_TGTGACAGTCATGAGG.1","stage1"
"hft_w16_p7_r3_TGTGACAGTGTCGTCG-1","hft_w16_p7_r3_TGTGACAGTGTCGTCG.1","stage1"
"hft_w16_p7_r3_TGTGACAGTTTAAGGA-1","hft_w16_p7_r3_TGTGACAGTTTAAGGA.1","stage1"
"hft_w16_p7_r3_TGTGACATCATGAACC-1","hft_w16_p7_r3_TGTGACATCATGAACC.1","stage1"
"hft_w16_p7_r3_TGTGACATCGATCGCG-1","hft_w16_p7_r3_TGTGACATCGATCGCG.1","stage1"
"hft_w16_p7_r3_TGTGGCGAGACGACTG-1","hft_w16_p7_r3_TGTGGCGAGACGACTG.1","stage1"
"hft_w16_p7_r3_TGTGGCGAGAGGAATG-1","hft_w16_p7_r3_TGTGGCGAGAGGAATG.1","stage1"
"hft_w16_p7_r3_TGTGGCGAGTGATTAG-1","hft_w16_p7_r3_TGTGGCGAGTGATTAG.1","stage1"
"hft_w16_p7_r3_TGTGGCGCACCTACCT-1","hft_w16_p7_r3_TGTGGCGCACCTACCT.1","stage1"
"hft_w16_p7_r3_TGTGGCGCAGTAGGCA-1","hft_w16_p7_r3_TGTGGCGCAGTAGGCA.1","stage1"
"hft_w16_p7_r3_TGTGGCGGTACCAAGG-1","hft_w16_p7_r3_TGTGGCGGTACCAAGG.1","stage1"
"hft_w16_p7_r3_TGTGGCGGTAGCAGGT-1","hft_w16_p7_r3_TGTGGCGGTAGCAGGT.1","stage1"
"hft_w16_p7_r3_TGTGGCGGTGAGGGTT-1","hft_w16_p7_r3_TGTGGCGGTGAGGGTT.1","stage1"
"hft_w16_p7_r3_TGTGGCGGTTAACCGT-1","hft_w16_p7_r3_TGTGGCGGTTAACCGT.1","stage1"
"hft_w16_p7_r3_TGTGGCGTCAGGCGCT-1","hft_w16_p7_r3_TGTGGCGTCAGGCGCT.1","stage1"
"hft_w16_p7_r3_TGTGGCGTCCTCATTA-1","hft_w16_p7_r3_TGTGGCGTCCTCATTA.1","stage1"
"hft_w16_p7_r3_TGTGGCGTCTCTGACC-1","hft_w16_p7_r3_TGTGGCGTCTCTGACC.1","stage1"
"hft_w16_p7_r3_TGTGTCCAGACTTGAA-1","hft_w16_p7_r3_TGTGTCCAGACTTGAA.1","stage1"
"hft_w16_p7_r3_TGTGTCCAGTCGATAA-1","hft_w16_p7_r3_TGTGTCCAGTCGATAA.1","stage1"
"hft_w16_p7_r3_TGTGTCCGTGCGACCT-1","hft_w16_p7_r3_TGTGTCCGTGCGACCT.1","stage1"
"hft_w16_p7_r3_TGTGTCCTCCGAATTG-1","hft_w16_p7_r3_TGTGTCCTCCGAATTG.1","stage1"
"hft_w16_p7_r3_TGTTAGGAGTCGATAA-1","hft_w16_p7_r3_TGTTAGGAGTCGATAA.1","stage1"
"hft_w16_p7_r3_TGTTAGGAGTTAGAGT-1","hft_w16_p7_r3_TGTTAGGAGTTAGAGT.1","stage1"
"hft_w16_p7_r3_TGTTAGGCAACTCGTA-1","hft_w16_p7_r3_TGTTAGGCAACTCGTA.1","stage1"
"hft_w16_p7_r3_TGTTAGGCAATTGTGC-1","hft_w16_p7_r3_TGTTAGGCAATTGTGC.1","stage1"
"hft_w16_p7_r3_TTAACGGCAAGAGATT-1","hft_w16_p7_r3_TTAACGGCAAGAGATT.1","stage1"
"hft_w16_p7_r3_TTAACGGCAGGCAAGT-1","hft_w16_p7_r3_TTAACGGCAGGCAAGT.1","stage1"
"hft_w16_p7_r3_TTAACGGCATGACTGT-1","hft_w16_p7_r3_TTAACGGCATGACTGT.1","stage1"
"hft_w16_p7_r3_TTAACGGGTTACCCAA-1","hft_w16_p7_r3_TTAACGGGTTACCCAA.1","stage1"
"hft_w16_p7_r3_TTAACGGTCGAGCGCT-1","hft_w16_p7_r3_TTAACGGTCGAGCGCT.1","stage1"
"hft_w16_p7_r3_TTAACGGTCTGCTACC-1","hft_w16_p7_r3_TTAACGGTCTGCTACC.1","stage1"
"hft_w16_p7_r3_TTAACGGTCTGTTTAC-1","hft_w16_p7_r3_TTAACGGTCTGTTTAC.1","stage1"
"hft_w16_p7_r3_TTACCCGAGAAGCCTG-1","hft_w16_p7_r3_TTACCCGAGAAGCCTG.1","stage1"
"hft_w16_p7_r3_TTACCCGAGAGCCTGA-1","hft_w16_p7_r3_TTACCCGAGAGCCTGA.1","stage1"
"hft_w16_p7_r3_TTACCCGAGATCACCT-1","hft_w16_p7_r3_TTACCCGAGATCACCT.1","stage1"
"hft_w16_p7_r3_TTACCCGAGTTCCAGT-1","hft_w16_p7_r3_TTACCCGAGTTCCAGT.1","stage1"
"hft_w16_p7_r3_TTACCCGCAAACCCTA-1","hft_w16_p7_r3_TTACCCGCAAACCCTA.1","stage1"
"hft_w16_p7_r3_TTACCCGCACAAGTGG-1","hft_w16_p7_r3_TTACCCGCACAAGTGG.1","stage1"
"hft_w16_p7_r3_TTACCCGCATTACCTT-1","hft_w16_p7_r3_TTACCCGCATTACCTT.1","stage1"
"hft_w16_p7_r3_TTACCCGGTACATGGG-1","hft_w16_p7_r3_TTACCCGGTACATGGG.1","stage1"
"hft_w16_p7_r3_TTACCCGGTCAAACAA-1","hft_w16_p7_r3_TTACCCGGTCAAACAA.1","stage1"
"hft_w16_p7_r3_TTACCCGGTCAGGTGA-1","hft_w16_p7_r3_TTACCCGGTCAGGTGA.1","stage1"
"hft_w16_p7_r3_TTACCCGGTGTGTGCC-1","hft_w16_p7_r3_TTACCCGGTGTGTGCC.1","stage1"
"hft_w16_p7_r3_TTACCCGGTTTGTCTT-1","hft_w16_p7_r3_TTACCCGGTTTGTCTT.1","stage1"
"hft_w16_p7_r3_TTACCGCCAATCATCG-1","hft_w16_p7_r3_TTACCGCCAATCATCG.1","stage1"
"hft_w16_p7_r3_TTACCGCGTATCTGCA-1","hft_w16_p7_r3_TTACCGCGTATCTGCA.1","stage1"
"hft_w16_p7_r3_TTACCGCGTCAACAGG-1","hft_w16_p7_r3_TTACCGCGTCAACAGG.1","stage1"
"hft_w16_p7_r3_TTACCGCGTTACCCAA-1","hft_w16_p7_r3_TTACCGCGTTACCCAA.1","stage1"
"hft_w16_p7_r3_TTACCGCTCGTTGTAG-1","hft_w16_p7_r3_TTACCGCTCGTTGTAG.1","stage1"
"hft_w16_p7_r3_TTACGGAAGGAAACTT-1","hft_w16_p7_r3_TTACGGAAGGAAACTT.1","stage1"
"hft_w16_p7_r3_TTACGGAAGTTGACAA-1","hft_w16_p7_r3_TTACGGAAGTTGACAA.1","stage1"
"hft_w16_p7_r3_TTACGGAGTAGAGAGA-1","hft_w16_p7_r3_TTACGGAGTAGAGAGA.1","stage1"
"hft_w16_p7_r3_TTACGGAGTGAGGTCA-1","hft_w16_p7_r3_TTACGGAGTGAGGTCA.1","stage1"
"hft_w16_p7_r3_TTACGGATCGGTTCCT-1","hft_w16_p7_r3_TTACGGATCGGTTCCT.1","stage1"
"hft_w16_p7_r3_TTACGGATCGTGGTAT-1","hft_w16_p7_r3_TTACGGATCGTGGTAT.1","stage1"
"hft_w16_p7_r3_TTACGTTAGCATGATA-1","hft_w16_p7_r3_TTACGTTAGCATGATA.1","stage1"
"hft_w16_p7_r3_TTACGTTAGGGCTCTC-1","hft_w16_p7_r3_TTACGTTAGGGCTCTC.1","stage1"
"hft_w16_p7_r3_TTACGTTCAAAGCATA-1","hft_w16_p7_r3_TTACGTTCAAAGCATA.1","stage1"
"hft_w16_p7_r3_TTACGTTGTGAAACAT-1","hft_w16_p7_r3_TTACGTTGTGAAACAT.1","stage1"
"hft_w16_p7_r3_TTACGTTTCACTACCC-1","hft_w16_p7_r3_TTACGTTTCACTACCC.1","stage1"
"hft_w16_p7_r3_TTACGTTTCGCTGATA-1","hft_w16_p7_r3_TTACGTTTCGCTGATA.1","stage1"
"hft_w16_p7_r3_TTACGTTTCTGATCCC-1","hft_w16_p7_r3_TTACGTTTCTGATCCC.1","stage1"
"hft_w16_p7_r3_TTACTCACAACGTCGC-1","hft_w16_p7_r3_TTACTCACAACGTCGC.1","stage1"
"hft_w16_p7_r3_TTACTCACATCTGCAA-1","hft_w16_p7_r3_TTACTCACATCTGCAA.1","stage1"
"hft_w16_p7_r3_TTACTCAGTGATAAGT-1","hft_w16_p7_r3_TTACTCAGTGATAAGT.1","stage1"
"hft_w16_p7_r3_TTACTCATCAGCCGAC-1","hft_w16_p7_r3_TTACTCATCAGCCGAC.1","stage1"
"hft_w16_p7_r3_TTACTCATCGCGTGAC-1","hft_w16_p7_r3_TTACTCATCGCGTGAC.1","stage1"
"hft_w16_p7_r3_TTACTCATCTTCTCTC-1","hft_w16_p7_r3_TTACTCATCTTCTCTC.1","stage1"
"hft_w16_p7_r3_TTACTTGAGAGTGGAA-1","hft_w16_p7_r3_TTACTTGAGAGTGGAA.1","stage1"
"hft_w16_p7_r3_TTACTTGAGGGTATCG-1","hft_w16_p7_r3_TTACTTGAGGGTATCG.1","stage1"
"hft_w16_p7_r3_TTACTTGCAACAACTC-1","hft_w16_p7_r3_TTACTTGCAACAACTC.1","stage1"
"hft_w16_p7_r3_TTACTTGCAGAGATGC-1","hft_w16_p7_r3_TTACTTGCAGAGATGC.1","stage1"
"hft_w16_p7_r3_TTACTTGGTAAGCCGA-1","hft_w16_p7_r3_TTACTTGGTAAGCCGA.1","stage1"
"hft_w16_p7_r3_TTACTTGGTACCCATA-1","hft_w16_p7_r3_TTACTTGGTACCCATA.1","stage1"
"hft_w16_p7_r3_TTACTTGGTCAACTAC-1","hft_w16_p7_r3_TTACTTGGTCAACTAC.1","stage1"
"hft_w16_p7_r3_TTAGCGAAGGGTCTGA-1","hft_w16_p7_r3_TTAGCGAAGGGTCTGA.1","stage1"
"hft_w16_p7_r3_TTAGCGACAGTAACCT-1","hft_w16_p7_r3_TTAGCGACAGTAACCT.1","stage1"
"hft_w16_p7_r3_TTAGCGAGTAACTGAA-1","hft_w16_p7_r3_TTAGCGAGTAACTGAA.1","stage1"
"hft_w16_p7_r3_TTAGCGAGTCTGGTCG-1","hft_w16_p7_r3_TTAGCGAGTCTGGTCG.1","stage1"
"hft_w16_p7_r3_TTAGCGAGTTCTTTGT-1","hft_w16_p7_r3_TTAGCGAGTTCTTTGT.1","stage1"
"hft_w16_p7_r3_TTAGCGATCTTGTACT-1","hft_w16_p7_r3_TTAGCGATCTTGTACT.1","stage1"
"hft_w16_p7_r3_TTAGCTTAGTAGTCGG-1","hft_w16_p7_r3_TTAGCTTAGTAGTCGG.1","stage1"
"hft_w16_p7_r3_TTAGCTTCACCGATCG-1","hft_w16_p7_r3_TTAGCTTCACCGATCG.1","stage1"
"hft_w16_p7_r3_TTAGCTTCAGACTAAA-1","hft_w16_p7_r3_TTAGCTTCAGACTAAA.1","stage1"
"hft_w16_p7_r3_TTAGCTTCAGGAGCAT-1","hft_w16_p7_r3_TTAGCTTCAGGAGCAT.1","stage1"
"hft_w16_p7_r3_TTAGCTTGTAACCCAT-1","hft_w16_p7_r3_TTAGCTTGTAACCCAT.1","stage1"
"hft_w16_p7_r3_TTAGCTTGTACGAGAC-1","hft_w16_p7_r3_TTAGCTTGTACGAGAC.1","stage1"
"hft_w16_p7_r3_TTAGCTTGTAGTCTGT-1","hft_w16_p7_r3_TTAGCTTGTAGTCTGT.1","stage1"
"hft_w16_p7_r3_TTAGCTTGTGTCCTTC-1","hft_w16_p7_r3_TTAGCTTGTGTCCTTC.1","stage1"
"hft_w16_p7_r3_TTAGCTTTCCGTGCAG-1","hft_w16_p7_r3_TTAGCTTTCCGTGCAG.1","stage1"
"hft_w16_p7_r3_TTAGGTGAGAGGCGGA-1","hft_w16_p7_r3_TTAGGTGAGAGGCGGA.1","stage1"
"hft_w16_p7_r3_TTAGGTGAGATTACGA-1","hft_w16_p7_r3_TTAGGTGAGATTACGA.1","stage1"
"hft_w16_p7_r3_TTAGGTGAGCGGACAT-1","hft_w16_p7_r3_TTAGGTGAGCGGACAT.1","stage1"
"hft_w16_p7_r3_TTAGGTGCACGGTTAT-1","hft_w16_p7_r3_TTAGGTGCACGGTTAT.1","stage1"
"hft_w16_p7_r3_TTAGGTGCATTAGCCA-1","hft_w16_p7_r3_TTAGGTGCATTAGCCA.1","stage1"
"hft_w16_p7_r3_TTATGTCAGATGCGAC-1","hft_w16_p7_r3_TTATGTCAGATGCGAC.1","stage1"
"hft_w16_p7_r3_TTATGTCAGCCATGGA-1","hft_w16_p7_r3_TTATGTCAGCCATGGA.1","stage1"
"hft_w16_p7_r3_TTATGTCAGGTCGGTA-1","hft_w16_p7_r3_TTATGTCAGGTCGGTA.1","stage1"
"hft_w16_p7_r3_TTATGTCAGGTTCTCA-1","hft_w16_p7_r3_TTATGTCAGGTTCTCA.1","stage1"
"hft_w16_p7_r3_TTATGTCCAGGCACAA-1","hft_w16_p7_r3_TTATGTCCAGGCACAA.1","stage1"
"hft_w16_p7_r3_TTATGTCGTTTGCCCT-1","hft_w16_p7_r3_TTATGTCGTTTGCCCT.1","stage1"
"hft_w16_p7_r3_TTATGTCTCCATACCC-1","hft_w16_p7_r3_TTATGTCTCCATACCC.1","stage1"
"hft_w16_p7_r3_TTATGTCTCGATCGCG-1","hft_w16_p7_r3_TTATGTCTCGATCGCG.1","stage1"
"hft_w16_p7_r3_TTCAACTAGGCTTTAC-1","hft_w16_p7_r3_TTCAACTAGGCTTTAC.1","stage1"
"hft_w16_p7_r3_TTCAACTAGGGAGTTC-1","hft_w16_p7_r3_TTCAACTAGGGAGTTC.1","stage1"
"hft_w16_p7_r3_TTCAACTGTAACTCCA-1","hft_w16_p7_r3_TTCAACTGTAACTCCA.1","stage1"
"hft_w16_p7_r3_TTCAACTGTGGTGGTA-1","hft_w16_p7_r3_TTCAACTGTGGTGGTA.1","stage1"
"hft_w16_p7_r3_TTCAACTGTTATGCAC-1","hft_w16_p7_r3_TTCAACTGTTATGCAC.1","stage1"
"hft_w16_p7_r3_TTCATCAAGTCCCTCT-1","hft_w16_p7_r3_TTCATCAAGTCCCTCT.1","stage1"
"hft_w16_p7_r3_TTCATCAAGTGATATG-1","hft_w16_p7_r3_TTCATCAAGTGATATG.1","stage1"
"hft_w16_p7_r3_TTCATCAGTATCATGC-1","hft_w16_p7_r3_TTCATCAGTATCATGC.1","stage1"
"hft_w16_p7_r3_TTCATCAGTTTGATCG-1","hft_w16_p7_r3_TTCATCAGTTTGATCG.1","stage1"
"hft_w16_p7_r3_TTCATCATCGCTATAG-1","hft_w16_p7_r3_TTCATCATCGCTATAG.1","stage1"
"hft_w16_p7_r3_TTCATTGCAGTTACAC-1","hft_w16_p7_r3_TTCATTGCAGTTACAC.1","stage1"
"hft_w16_p7_r3_TTCATTGGTCAACAGG-1","hft_w16_p7_r3_TTCATTGGTCAACAGG.1","stage1"
"hft_w16_p7_r3_TTCATTGTCACGTGTA-1","hft_w16_p7_r3_TTCATTGTCACGTGTA.1","stage1"
"hft_w16_p7_r3_TTCGATTCACACTAGT-1","hft_w16_p7_r3_TTCGATTCACACTAGT.1","stage1"
"hft_w16_p7_r3_TTCGATTGTAACGGTG-1","hft_w16_p7_r3_TTCGATTGTAACGGTG.1","stage1"
"hft_w16_p7_r3_TTCGATTGTAGTACAA-1","hft_w16_p7_r3_TTCGATTGTAGTACAA.1","stage1"
"hft_w16_p7_r3_TTCGATTGTTGGACGA-1","hft_w16_p7_r3_TTCGATTGTTGGACGA.1","stage1"
"hft_w16_p7_r3_TTCGCGTAGACCCTAT-1","hft_w16_p7_r3_TTCGCGTAGACCCTAT.1","stage1"
"hft_w16_p7_r3_TTCGCGTCACGCGTTG-1","hft_w16_p7_r3_TTCGCGTCACGCGTTG.1","stage1"
"hft_w16_p7_r3_TTCGCGTCAGATAAGT-1","hft_w16_p7_r3_TTCGCGTCAGATAAGT.1","stage1"
"hft_w16_p7_r3_TTCGCGTGTAGTAACA-1","hft_w16_p7_r3_TTCGCGTGTAGTAACA.1","stage1"
"hft_w16_p7_r3_TTCGCGTTCATTGCCC-1","hft_w16_p7_r3_TTCGCGTTCATTGCCC.1","stage1"
"hft_w16_p7_r3_TTCGCGTTCGAGGCTC-1","hft_w16_p7_r3_TTCGCGTTCGAGGCTC.1","stage1"
"hft_w16_p7_r3_TTCGCGTTCGGAGTTT-1","hft_w16_p7_r3_TTCGCGTTCGGAGTTT.1","stage1"
"hft_w16_p7_r3_TTCGCGTTCTTACCTA-1","hft_w16_p7_r3_TTCGCGTTCTTACCTA.1","stage1"
"hft_w16_p7_r3_TTCGGTCAGGATGCCA-1","hft_w16_p7_r3_TTCGGTCAGGATGCCA.1","stage1"
"hft_w16_p7_r3_TTCGGTCAGTTCAAGA-1","hft_w16_p7_r3_TTCGGTCAGTTCAAGA.1","stage1"
"hft_w16_p7_r3_TTCGGTCCACCTCGTT-1","hft_w16_p7_r3_TTCGGTCCACCTCGTT.1","stage1"
"hft_w16_p7_r3_TTCGGTCCATTTAGGC-1","hft_w16_p7_r3_TTCGGTCCATTTAGGC.1","stage1"
"hft_w16_p7_r3_TTCGGTCGTACTATGC-1","hft_w16_p7_r3_TTCGGTCGTACTATGC.1","stage1"
"hft_w16_p7_r3_TTCGGTCTCTATAGGC-1","hft_w16_p7_r3_TTCGGTCTCTATAGGC.1","stage1"
"hft_w16_p7_r3_TTCGGTCTCTGGCACG-1","hft_w16_p7_r3_TTCGGTCTCTGGCACG.1","stage1"
"hft_w16_p7_r3_TTCGGTCTCTTCCGTG-1","hft_w16_p7_r3_TTCGGTCTCTTCCGTG.1","stage1"
"hft_w16_p7_r3_TTCGTTAAGAACCATA-1","hft_w16_p7_r3_TTCGTTAAGAACCATA.1","stage1"
"hft_w16_p7_r3_TTCGTTAAGAGAACCC-1","hft_w16_p7_r3_TTCGTTAAGAGAACCC.1","stage1"
"hft_w16_p7_r3_TTCGTTAGTGATAGAT-1","hft_w16_p7_r3_TTCGTTAGTGATAGAT.1","stage1"
"hft_w16_p7_r3_TTCGTTATCTCCACTG-1","hft_w16_p7_r3_TTCGTTATCTCCACTG.1","stage1"
"hft_w16_p7_r3_TTCGTTATCTTTGCAT-1","hft_w16_p7_r3_TTCGTTATCTTTGCAT.1","stage1"
"hft_w16_p7_r3_TTCTAACAGTCGGGAT-1","hft_w16_p7_r3_TTCTAACAGTCGGGAT.1","stage1"
"hft_w16_p7_r3_TTCTAACCAGTCAGAG-1","hft_w16_p7_r3_TTCTAACCAGTCAGAG.1","stage1"
"hft_w16_p7_r3_TTCTAACTCCTCATTA-1","hft_w16_p7_r3_TTCTAACTCCTCATTA.1","stage1"
"hft_w16_p7_r3_TTCTAACTCGTGAGTT-1","hft_w16_p7_r3_TTCTAACTCGTGAGTT.1","stage1"
"hft_w16_p7_r3_TTCTGTAAGGAGAACA-1","hft_w16_p7_r3_TTCTGTAAGGAGAACA.1","stage1"
"hft_w16_p7_r3_TTCTGTACAAGGAAGA-1","hft_w16_p7_r3_TTCTGTACAAGGAAGA.1","stage1"
"hft_w16_p7_r3_TTCTGTACATTATGGC-1","hft_w16_p7_r3_TTCTGTACATTATGGC.1","stage1"
"hft_w16_p7_r3_TTCTGTAGTAGAAAGG-1","hft_w16_p7_r3_TTCTGTAGTAGAAAGG.1","stage1"
"hft_w16_p7_r3_TTCTGTAGTGAATACA-1","hft_w16_p7_r3_TTCTGTAGTGAATACA.1","stage1"
"hft_w16_p7_r3_TTCTGTATCTATTTCG-1","hft_w16_p7_r3_TTCTGTATCTATTTCG.1","stage1"
"hft_w16_p7_r3_TTGACGAAGAGCGAAA-1","hft_w16_p7_r3_TTGACGAAGAGCGAAA.1","stage1"
"hft_w16_p7_r3_TTGACGAAGTCAGGAC-1","hft_w16_p7_r3_TTGACGAAGTCAGGAC.1","stage1"
"hft_w16_p7_r3_TTGACGACACTGCTTC-1","hft_w16_p7_r3_TTGACGACACTGCTTC.1","stage1"
"hft_w16_p7_r3_TTGACGAGTACCTATG-1","hft_w16_p7_r3_TTGACGAGTACCTATG.1","stage1"
"hft_w16_p7_r3_TTGACGATCAACACGT-1","hft_w16_p7_r3_TTGACGATCAACACGT.1","stage1"
"hft_w16_p7_r3_TTGACGATCGTGGCGT-1","hft_w16_p7_r3_TTGACGATCGTGGCGT.1","stage1"
"hft_w16_p7_r3_TTGACGATCTCTTAAC-1","hft_w16_p7_r3_TTGACGATCTCTTAAC.1","stage1"
"hft_w16_p7_r3_TTGAGCAGTGCTGTCG-1","hft_w16_p7_r3_TTGAGCAGTGCTGTCG.1","stage1"
"hft_w16_p7_r3_TTGAGCAGTGCTTACA-1","hft_w16_p7_r3_TTGAGCAGTGCTTACA.1","stage1"
"hft_w16_p7_r3_TTGAGCATCGGTGATT-1","hft_w16_p7_r3_TTGAGCATCGGTGATT.1","stage1"
"hft_w16_p7_r3_TTGAGTGGTAGCAGCA-1","hft_w16_p7_r3_TTGAGTGGTAGCAGCA.1","stage1"
"hft_w16_p7_r3_TTGAGTGGTGTCTACA-1","hft_w16_p7_r3_TTGAGTGGTGTCTACA.1","stage1"
"hft_w16_p7_r3_TTGCACCCAGTATCTG-1","hft_w16_p7_r3_TTGCACCCAGTATCTG.1","stage1"
"hft_w16_p7_r3_TTGCACCCATTAGCCA-1","hft_w16_p7_r3_TTGCACCCATTAGCCA.1","stage1"
"hft_w16_p7_r3_TTGCACCGTTCCGGCA-1","hft_w16_p7_r3_TTGCACCGTTCCGGCA.1","stage1"
"hft_w16_p7_r3_TTGCACCTCACCGCGA-1","hft_w16_p7_r3_TTGCACCTCACCGCGA.1","stage1"
"hft_w16_p7_r3_TTGCACCTCCCTAAAG-1","hft_w16_p7_r3_TTGCACCTCCCTAAAG.1","stage1"
"hft_w16_p7_r3_TTGCAGAAGCATTGGG-1","hft_w16_p7_r3_TTGCAGAAGCATTGGG.1","stage1"
"hft_w16_p7_r3_TTGCAGAAGTGTAATG-1","hft_w16_p7_r3_TTGCAGAAGTGTAATG.1","stage1"
"hft_w16_p7_r3_TTGCAGAAGTTAGCAA-1","hft_w16_p7_r3_TTGCAGAAGTTAGCAA.1","stage1"
"hft_w16_p7_r3_TTGCAGACAGTAAGAT-1","hft_w16_p7_r3_TTGCAGACAGTAAGAT.1","stage1"
"hft_w16_p7_r3_TTGCAGATCCAACCTC-1","hft_w16_p7_r3_TTGCAGATCCAACCTC.1","stage1"
"hft_w16_p7_r3_TTGCAGATCCCAATAG-1","hft_w16_p7_r3_TTGCAGATCCCAATAG.1","stage1"
"hft_w16_p7_r3_TTGCAGATCCGCTATC-1","hft_w16_p7_r3_TTGCAGATCCGCTATC.1","stage1"
"hft_w16_p7_r3_TTGCAGATCCTCATTA-1","hft_w16_p7_r3_TTGCAGATCCTCATTA.1","stage1"
"hft_w16_p7_r3_TTGCCCAAGCTAGTTC-1","hft_w16_p7_r3_TTGCCCAAGCTAGTTC.1","stage1"
"hft_w16_p7_r3_TTGCCCACAACATAAG-1","hft_w16_p7_r3_TTGCCCACAACATAAG.1","stage1"
"hft_w16_p7_r3_TTGCCCACATGGCCGT-1","hft_w16_p7_r3_TTGCCCACATGGCCGT.1","stage1"
"hft_w16_p7_r3_TTGCCCATCAGCCGAC-1","hft_w16_p7_r3_TTGCCCATCAGCCGAC.1","stage1"
"hft_w16_p7_r3_TTGCCCATCGATAGGG-1","hft_w16_p7_r3_TTGCCCATCGATAGGG.1","stage1"
"hft_w16_p7_r3_TTGCGAACAGTAACTC-1","hft_w16_p7_r3_TTGCGAACAGTAACTC.1","stage1"
"hft_w16_p7_r3_TTGCGAAGTAGAACGC-1","hft_w16_p7_r3_TTGCGAAGTAGAACGC.1","stage1"
"hft_w16_p7_r3_TTGCGAAGTGACCAGA-1","hft_w16_p7_r3_TTGCGAAGTGACCAGA.1","stage1"
"hft_w16_p7_r3_TTGCGAATCATCGCTC-1","hft_w16_p7_r3_TTGCGAATCATCGCTC.1","stage1"
"hft_w16_p7_r3_TTGCGAATCCACGCTT-1","hft_w16_p7_r3_TTGCGAATCCACGCTT.1","stage1"
"hft_w16_p7_r3_TTGCGAATCGCACCTT-1","hft_w16_p7_r3_TTGCGAATCGCACCTT.1","stage1"
"hft_w16_p7_r3_TTGCGAATCGCCTTAC-1","hft_w16_p7_r3_TTGCGAATCGCCTTAC.1","stage1"
"hft_w16_p7_r3_TTGCGGGCACTTATGG-1","hft_w16_p7_r3_TTGCGGGCACTTATGG.1","stage1"
"hft_w16_p7_r3_TTGCGGGCAGTATCTG-1","hft_w16_p7_r3_TTGCGGGCAGTATCTG.1","stage1"
"hft_w16_p7_r3_TTGCGGGTCTACTGCC-1","hft_w16_p7_r3_TTGCGGGTCTACTGCC.1","stage1"
"hft_w16_p7_r3_TTGCTATCAAATTGAG-1","hft_w16_p7_r3_TTGCTATCAAATTGAG.1","stage1"
"hft_w16_p7_r3_TTGCTATCATGCGACC-1","hft_w16_p7_r3_TTGCTATCATGCGACC.1","stage1"
"hft_w16_p7_r3_TTGCTATGTCTGGGAA-1","hft_w16_p7_r3_TTGCTATGTCTGGGAA.1","stage1"
"hft_w16_p7_r3_TTGCTATGTGCTTTGA-1","hft_w16_p7_r3_TTGCTATGTGCTTTGA.1","stage1"
"hft_w16_p7_r3_TTGCTATGTGGAAAGA-1","hft_w16_p7_r3_TTGCTATGTGGAAAGA.1","stage1"
"hft_w16_p7_r3_TTGCTATTCGCAAACT-1","hft_w16_p7_r3_TTGCTATTCGCAAACT.1","stage1"
"hft_w16_p7_r3_TTGCTTAAGTCGATAA-1","hft_w16_p7_r3_TTGCTTAAGTCGATAA.1","stage1"
"hft_w16_p7_r3_TTGCTTAAGTGAACCG-1","hft_w16_p7_r3_TTGCTTAAGTGAACCG.1","stage1"
"hft_w16_p7_r3_TTGCTTAGTTCCGGCA-1","hft_w16_p7_r3_TTGCTTAGTTCCGGCA.1","stage1"
"hft_w16_p7_r3_TTGCTTAGTTGGACGA-1","hft_w16_p7_r3_TTGCTTAGTTGGACGA.1","stage1"
"hft_w16_p7_r3_TTGCTTATCAGATACC-1","hft_w16_p7_r3_TTGCTTATCAGATACC.1","stage1"
"hft_w16_p7_r3_TTGCTTATCCTGACCT-1","hft_w16_p7_r3_TTGCTTATCCTGACCT.1","stage1"
"hft_w16_p7_r3_TTGGTCCAGTCTCGAT-1","hft_w16_p7_r3_TTGGTCCAGTCTCGAT.1","stage1"
"hft_w16_p7_r3_TTGGTCCCATGCCTTC-1","hft_w16_p7_r3_TTGGTCCCATGCCTTC.1","stage1"
"hft_w16_p7_r3_TTGGTCCGTCAGCTTA-1","hft_w16_p7_r3_TTGGTCCGTCAGCTTA.1","stage1"
"hft_w16_p7_r3_TTGGTCCTCCTGGAAT-1","hft_w16_p7_r3_TTGGTCCTCCTGGAAT.1","stage1"
"hft_w16_p7_r3_TTGTCTACAATCATCG-1","hft_w16_p7_r3_TTGTCTACAATCATCG.1","stage1"
"hft_w16_p7_r3_TTGTCTAGTGAGTCGA-1","hft_w16_p7_r3_TTGTCTAGTGAGTCGA.1","stage1"
"hft_w16_p7_r3_TTGTCTATCAAACCCA-1","hft_w16_p7_r3_TTGTCTATCAAACCCA.1","stage1"
"hft_w16_p7_r3_TTGTCTATCATTCGGA-1","hft_w16_p7_r3_TTGTCTATCATTCGGA.1","stage1"
"hft_w16_p7_r3_TTGTCTATCCAGTACA-1","hft_w16_p7_r3_TTGTCTATCCAGTACA.1","stage1"
"hft_w16_p7_r3_TTGTTCAAGAGGCAGG-1","hft_w16_p7_r3_TTGTTCAAGAGGCAGG.1","stage1"
"hft_w16_p7_r3_TTGTTCAAGCGTCTGC-1","hft_w16_p7_r3_TTGTTCAAGCGTCTGC.1","stage1"
"hft_w16_p7_r3_TTGTTCAAGGTGAACC-1","hft_w16_p7_r3_TTGTTCAAGGTGAACC.1","stage1"
"hft_w16_p7_r3_TTGTTCACACCTGAAT-1","hft_w16_p7_r3_TTGTTCACACCTGAAT.1","stage1"
"hft_w16_p7_r3_TTGTTCACAGGTAGGT-1","hft_w16_p7_r3_TTGTTCACAGGTAGGT.1","stage1"
"hft_w16_p7_r3_TTGTTCAGTATCAGCT-1","hft_w16_p7_r3_TTGTTCAGTATCAGCT.1","stage1"
"hft_w16_p7_r3_TTGTTCAGTTCCATCC-1","hft_w16_p7_r3_TTGTTCAGTTCCATCC.1","stage1"
"hft_w16_p7_r3_TTGTTCATCCTCTCTT-1","hft_w16_p7_r3_TTGTTCATCCTCTCTT.1","stage1"
"hft_w16_p7_r3_TTGTTCATCGCTTACC-1","hft_w16_p7_r3_TTGTTCATCGCTTACC.1","stage1"
"hft_w16_p7_r3_TTGTTGTAGAGGTGGG-1","hft_w16_p7_r3_TTGTTGTAGAGGTGGG.1","stage1"
"hft_w16_p7_r3_TTGTTGTCATTACCTT-1","hft_w16_p7_r3_TTGTTGTCATTACCTT.1","stage1"
"hft_w16_p7_r3_TTGTTGTTCAGATACC-1","hft_w16_p7_r3_TTGTTGTTCAGATACC.1","stage1"
"hft_w16_p7_r3_TTGTTGTTCGCTTCAC-1","hft_w16_p7_r3_TTGTTGTTCGCTTCAC.1","stage1"
"hft_w16_p7_r3_TTTACGTAGAATATCG-1","hft_w16_p7_r3_TTTACGTAGAATATCG.1","stage1"
"hft_w16_p7_r3_TTTACGTAGGGAGTTC-1","hft_w16_p7_r3_TTTACGTAGGGAGTTC.1","stage1"
"hft_w16_p7_r3_TTTACGTAGTCGTGAG-1","hft_w16_p7_r3_TTTACGTAGTCGTGAG.1","stage1"
"hft_w16_p7_r3_TTTACGTCAATTCTCT-1","hft_w16_p7_r3_TTTACGTCAATTCTCT.1","stage1"
"hft_w16_p7_r3_TTTACGTCACACATGT-1","hft_w16_p7_r3_TTTACGTCACACATGT.1","stage1"
"hft_w16_p7_r3_TTTACGTGTCATTGGT-1","hft_w16_p7_r3_TTTACGTGTCATTGGT.1","stage1"
"hft_w16_p7_r3_TTTGAGGAGTGAATAC-1","hft_w16_p7_r3_TTTGAGGAGTGAATAC.1","stage1"
"hft_w16_p7_r3_TTTGAGGGTACCAAGG-1","hft_w16_p7_r3_TTTGAGGGTACCAAGG.1","stage1"
"hft_w16_p7_r3_TTTGAGGGTCTGTCCT-1","hft_w16_p7_r3_TTTGAGGGTCTGTCCT.1","stage1"
"hft_w16_p7_r3_TTTGAGGGTTAACCGT-1","hft_w16_p7_r3_TTTGAGGGTTAACCGT.1","stage1"
"hft_w16_p7_r3_TTTGAGGTCATTCGGA-1","hft_w16_p7_r3_TTTGAGGTCATTCGGA.1","stage1"
"hft_w16_p7_r3_TTTGCGCAGTTCCAGT-1","hft_w16_p7_r3_TTTGCGCAGTTCCAGT.1","stage1"
"hft_w16_p7_r3_TTTGCGCCATCCATAG-1","hft_w16_p7_r3_TTTGCGCCATCCATAG.1","stage1"
"hft_w16_p7_r3_TTTGCGCTCCGAGAGA-1","hft_w16_p7_r3_TTTGCGCTCCGAGAGA.1","stage1"
"hft_w16_p7_r3_TTTGGCCAGCCGCAAA-1","hft_w16_p7_r3_TTTGGCCAGCCGCAAA.1","stage1"
"hft_w16_p7_r3_TTTGGCCCACACACAT-1","hft_w16_p7_r3_TTTGGCCCACACACAT.1","stage1"
"hft_w16_p7_r3_TTTGGCCCATTTGTTC-1","hft_w16_p7_r3_TTTGGCCCATTTGTTC.1","stage1"
"hft_w16_p7_r3_TTTGGCCGTAGAATAC-1","hft_w16_p7_r3_TTTGGCCGTAGAATAC.1","stage1"
"hft_w16_p7_r3_TTTGGCCGTTAACCGT-1","hft_w16_p7_r3_TTTGGCCGTTAACCGT.1","stage1"
"hft_w16_p7_r3_TTTGGCCTCGACTTAG-1","hft_w16_p7_r3_TTTGGCCTCGACTTAG.1","stage1"
"hft_w16_p7_r3_TTTGGTTAGATTACGA-1","hft_w16_p7_r3_TTTGGTTAGATTACGA.1","stage1"
"hft_w16_p7_r3_TTTGGTTAGGAGTACC-1","hft_w16_p7_r3_TTTGGTTAGGAGTACC.1","stage1"
"hft_w16_p7_r3_TTTGGTTGTAGAACGC-1","hft_w16_p7_r3_TTTGGTTGTAGAACGC.1","stage1"
"hft_w16_p7_r3_TTTGGTTGTCGAGGAT-1","hft_w16_p7_r3_TTTGGTTGTCGAGGAT.1","stage1"
"hft_w16_p7_r3_TTTGGTTGTGTCGTCG-1","hft_w16_p7_r3_TTTGGTTGTGTCGTCG.1","stage1"
